,,2015,,,2016,,,2017,,,2018,,,2019,,,2020,,,2021,,,2022,,,2023,,,2024,,,2025,,,2026,,,2027,,,2028,,,2029,,,2030,,
 DISTRICT , Sub-County , Male , Female , Total , Male , Female , Total , Male , Female , Total , Male , Female , Total , Male , Female , Total , Male , Female , Total , Male , Female , Total , Male , Female , Total , Male , Female , Total , Male , Female , Total , Male , Female , Total , Male , Female , Total , Male , Female , Total , Male , Female , Total , Male , Female , Total , Male , Female , Total 
,,,,,,,,,,,,,,,,,,,,,,,,,,,,,,,,,,,,,,,,,,,,,,,,,
 Bukomansimbi  ,,75600,76400,152000,76200,76800,153000,76900,77100,154000,77500,77400,154900,78100,77700,155800,78700,77900,156600,79200,78100,157300,79700,78200,157900,80100,78300,158400,80400,78300,158700,80700,78300,159000,80900,78200,159100,81000,78000,159000,81100,77800,158900,81000,77500,158500,80900,77000,157900
,,,,,,,,,,,,,,,,,,,,,,,,,,,,,,,,,,,,,,,,,,,,,,,,,
,    Bigasa ,21200,21100,42300,21200,21200,42400,21400,21300,42700,21600,21300,42900,21800,21400,43200,22100,21500,43600,22100,21600,43700,22200,21600,43800,22400,21600,44000,22400,21600,44000,22500,21600,44100,22500,21600,44100,22600,21500,44100,22600,21400,44000,22600,21400,44000,22500,21300,43800
,    Bukomansimbi  Town Council ,4700,5000,9700,4800,5000,9800,4800,5000,9800,4900,5100,10000,4900,5100,10000,4900,5100,10000,5000,5100,10100,5000,5100,10100,5000,5100,10100,5000,5100,10100,5100,5100,10200,5100,5100,10200,5100,5100,10200,5100,5100,10200,5100,5100,10200,5100,5000,10100
,    Butenga ,19100,19500,38600,19300,19600,38900,19500,19600,39100,19600,19700,39300,19800,19800,39600,19900,19800,39700,20100,19900,40000,20200,19900,40100,20300,19900,40200,20400,19900,40300,20400,19900,40300,20500,19900,40400,20500,19900,40400,20500,19800,40300,20500,19700,40200,20500,19600,40100
,    Kibinge ,16200,16700,32900,16300,16800,33100,16500,16900,33400,16600,17000,33600,16700,17000,33700,16800,17100,33900,16900,17100,34000,17100,17100,34200,17100,17200,34300,17200,17200,34400,17300,17200,34500,17300,17100,34400,17300,17100,34400,17400,17100,34500,17300,17000,34300,17300,16900,34200
,    Kitanda ,14400,14100,28500,14600,14200,28800,14700,14300,29000,14800,14300,29100,14900,14400,29300,15000,14400,29400,15100,14400,29500,15200,14500,29700,15300,14500,29800,15400,14500,29900,15400,14500,29900,15500,14500,30000,15500,14400,29900,15500,14400,29900,15500,14300,29800,15500,14200,29700
,,,,,,,,,,,,,,,,,,,,,,,,,,,,,,,,,,,,,,,,,,,,,,,,,
,,,,,,,,,,,,,,,,,,,,,,,,,,,,,,,,,,,,,,,,,,,,,,,,,
 Butambala  ,,50600,51100,101700,51400,51600,103000,52100,52200,104300,52800,52700,105500,53500,53200,106700,54200,53600,107800,54900,54100,109000,55500,54500,110000,56100,54800,110900,56700,55200,111900,57200,55500,112700,57600,55700,113300,58100,56000,114100,58400,56100,114500,58700,56200,114900,58900,56200,115100
,,,,,,,,,,,,,,,,,,,,,,,,,,,,,,,,,,,,,,,,,,,,,,,,,
,    Budde ,7000,6800,13800,7100,6900,14000,7200,7000,14200,7300,7100,14400,7400,7100,14500,7500,7200,14700,7600,7200,14800,7700,7300,15000,7800,7300,15100,7900,7400,15300,7900,7400,15300,8000,7500,15500,8100,7500,15600,8100,7500,15600,8100,7500,15600,8200,7500,15700
,    Bulo ,9400,9700,19100,9500,9800,19300,9600,9900,19500,9800,10000,19800,9900,10100,20000,10000,10200,20200,10200,10300,20500,10300,10400,20700,10400,10400,20800,10500,10500,21000,10600,10600,21200,10700,10600,21300,10700,10700,21400,10800,10700,21500,10900,10700,21600,10900,10700,21600
,    Gombe Town Council ,7700,8000,15700,7800,8100,15900,7900,8200,16100,8000,8300,16300,8100,8400,16500,8200,8400,16600,8300,8500,16800,8400,8600,17000,8500,8600,17100,8600,8700,17300,8700,8700,17400,8700,8700,17400,8800,8800,17600,8800,8800,17600,8900,8800,17700,8900,8800,17700
,    Kalamba ,9900,9700,19600,10200,9700,19900,10400,9800,20200,10400,9800,20200,10600,10000,20600,10800,10100,20900,10800,10200,21000,11000,10200,21200,11100,10400,21500,11200,10400,21600,11300,10400,21700,11400,10500,21900,11500,10500,22000,11700,10500,22200,11600,10600,22200,11700,10600,22300
,    Kibibi ,7000,7600,14600,7100,7700,14800,7200,7800,15000,7300,7900,15200,7400,7900,15300,7500,8000,15500,7600,8100,15700,7600,8100,15700,7700,8200,15900,7800,8200,16000,7900,8300,16200,7900,8300,16200,8000,8300,16300,8000,8400,16400,8100,8400,16500,8100,8400,16500
,    Ngando ,9600,9300,18900,9700,9400,19100,9800,9500,19300,10000,9600,19600,10100,9700,19800,10200,9700,19900,10400,9800,20200,10500,9900,20400,10600,9900,20500,10700,10000,20700,10800,10100,20900,10900,10100,21000,11000,10200,21200,11000,10200,21200,11100,10200,21300,11100,10200,21300
,,,,,,,,,,,,,,,,,,,,,,,,,,,,,,,,,,,,,,,,,,,,,,,,,
,,,,,,,,,,,,,,,,,,,,,,,,,,,,,,,,,,,,,,,,,,,,,,,,,
 Buvuma  ,,50800,43700,94500,54000,46700,100700,57300,49900,107200,60800,53200,114000,64500,56800,121300,68400,60500,128900,72500,64500,137000,76700,68600,145300,81200,73000,154200,85800,77700,163500,90600,82500,173100,95600,87600,183200,100800,93000,193800,106200,98500,204700,111700,104400,216100,117400,110200,227600
,,,,,,,,,,,,,,,,,,,,,,,,,,,,,,,,,,,,,,,,,,,,,,,,,
, Bugaya ,2800,2300,5100,3000,2500,5500,3100,2600,5700,3300,2800,6100,3500,3000,6500,3700,3200,6900,4000,3400,7400,4200,3600,7800,4400,3900,8300,4700,4100,8800,5000,4400,9400,5200,4600,9800,5500,4900,10400,5800,5200,11000,6100,5500,11600,6400,5800,12200
, Busamuzi ,8800,8300,17100,9400,8900,18300,9900,9500,19400,10500,10100,20600,11200,10800,22000,11900,11500,23400,12600,12300,24900,13300,13000,26300,14100,13900,28000,14900,14800,29700,15700,15700,31400,16600,16700,33300,17500,17700,35200,18400,18700,37100,19400,19900,39300,20400,21000,41400
, Buvuma Town Council ,5500,4900,10400,5800,5300,11100,6200,5600,11800,6600,6000,12600,7000,6400,13400,7400,6800,14200,7800,7300,15100,8300,7800,16100,8800,8300,17100,9300,8800,18100,9800,9300,19100,10400,9900,20300,10900,10500,21400,11500,11100,22600,12100,11800,23900,12700,12500,25200
, Buwooya ,6900,6600,13500,7300,7000,14300,7800,7500,15300,8300,8000,16300,8800,8600,17400,9300,9100,18400,9900,9700,19600,10400,10300,20700,11000,11000,22000,11700,11700,23400,12300,12400,24700,13000,13200,26200,13700,14000,27700,14400,14900,29300,15200,15700,30900,16000,16600,32600
, Bweema ,5100,4200,9300,5400,4400,9800,5700,4800,10500,6100,5100,11200,6400,5400,11800,6800,5800,12600,7200,6100,13300,7600,6500,14100,8100,7000,15100,8500,7400,15900,9000,7900,16900,9500,8300,17800,10000,8900,18900,10600,9400,20000,11100,9900,21000,11700,10500,22200
, Lubya ,3600,3100,6700,3900,3400,7300,4100,3600,7700,4400,3800,8200,4600,4100,8700,4900,4400,9300,5200,4600,9800,5500,4900,10400,5800,5300,11100,6100,5600,11700,6500,5900,12400,6900,6300,13200,7200,6700,13900,7600,7100,14700,8000,7500,15500,8400,7900,16300
, Lwajje ,2700,1900,4600,2800,2100,4900,3000,2200,5200,3200,2400,5600,3400,2500,5900,3600,2700,6300,3800,2900,6700,4000,3000,7000,4300,3200,7500,4500,3400,7900,4800,3700,8500,5000,3900,8900,5300,4100,9400,5600,4400,10000,5900,4600,10500,6200,4900,11100
, Lyabaana ,4800,2600,7400,5100,2800,7900,5400,3000,8400,5700,3200,8900,6000,3400,9400,6400,3600,10000,6800,3900,10700,7200,4100,11300,7600,4400,12000,8000,4700,12700,8500,5000,13500,8900,5300,14200,9400,5600,15000,9900,5900,15800,10500,6300,16800,11000,6600,17600
, Nairambi ,10600,9800,20400,11300,10300,21600,12100,11100,23200,12700,11800,24500,13600,12600,26200,14400,13400,27800,15200,14300,29500,16200,15400,31600,17100,16000,33100,18100,17200,35300,19000,18200,37200,20100,19400,39500,21300,20600,41900,22400,21800,44200,23400,23200,46600,24600,24400,49000
,,,,,,,,,,,,,,,,,,,,,,,,,,,,,,,,,,,,,,,,,,,,,,,,,
,,,,,,,,,,,,,,,,,,,,,,,,,,,,,,,,,,,,,,,,,,,,,,,,,
 Gomba ,,83300,78400,161700,84800,79300,164100,86400,80200,166600,87900,81200,169100,89400,82000,171400,90900,82900,173800,92400,83700,176100,93800,84400,178200,95100,85200,180300,96400,85800,182200,97700,86400,184100,98800,87000,185800,99900,87400,187300,100900,87800,188700,101800,88100,189900,102600,88200,190800
,,,,,,,,,,,,,,,,,,,,,,,,,,,,,,,,,,,,,,,,,,,,,,,,,
,    Kabulasoke ,25900,24500,50400,26400,24700,51100,26900,25100,52000,27400,25500,52900,27900,25700,53600,28400,26000,54400,28800,26300,55100,29200,26400,55600,29600,26700,56300,30000,26800,56800,30400,27100,57500,30800,27300,58100,31200,27400,58600,31500,27400,58900,31700,27600,59300,32000,27600,59600
,    Kanoni Town Council ,6400,6200,12600,6500,6300,12800,6600,6400,13000,6700,6400,13100,6800,6500,13300,6900,6600,13500,7100,6600,13700,7200,6700,13900,7300,6800,14100,7400,6800,14200,7500,6800,14300,7500,6900,14400,7600,6900,14500,7700,7000,14700,7800,7000,14800,7800,7000,14800
,    Kyegonza ,15700,14900,30600,16000,15100,31100,16300,15200,31500,16600,15400,32000,16800,15600,32400,17100,15700,32800,17400,15900,33300,17700,16000,33700,17900,16200,34100,18200,16300,34500,18400,16400,34800,18600,16500,35100,18800,16600,35400,19000,16700,35700,19200,16700,35900,19300,16800,36100
,    Maddu ,18600,17200,35800,18900,17400,36300,19300,17600,36900,19600,17800,37400,20000,17900,37900,20300,18100,38400,20600,18300,38900,20900,18500,39400,21200,18600,39800,21500,18800,40300,21800,18900,40700,22100,19000,41100,22300,19100,41400,22500,19200,41700,22700,19300,42000,22900,19300,42200
,    Mpenja ,16700,15600,32300,17000,15800,32800,17300,15900,33200,17600,16100,33700,17900,16300,34200,18200,16500,34700,18500,16600,35100,18800,16800,35600,19100,16900,36000,19300,17100,36400,19600,17200,36800,19800,17300,37100,20000,17400,37400,20200,17500,37700,20400,17500,37900,20600,17500,38100
,,,,,,,,,,,,,,,,,,,,,,,,,,,,,,,,,,,,,,,,,,,,,,,,,
,,,,,,,,,,,,,,,,,,,,,,,,,,,,,,,,,,,,,,,,,,,,,,,,,
 Kalangala  ,,32200,23700,55900,33400,24700,58100,34600,25700,60300,35800,26700,62500,37000,27800,64800,38300,28900,67200,39500,30000,69500,40800,31200,72000,42100,32400,74500,43400,33600,77000,44700,34800,79500,46000,36000,82000,47300,37200,84500,48600,38500,87100,49900,39800,89700,51100,41000,92100
,,,,,,,,,,,,,,,,,,,,,,,,,,,,,,,,,,,,,,,,,,,,,,,,,
, Bubeke ,3100,2200,5300,3200,2300,5500,3300,2400,5700,3500,2500,6000,3600,2600,6200,3700,2700,6400,3800,2800,6600,3900,2900,6800,4100,3000,7100,4200,3100,7300,4300,3200,7500,4400,3300,7700,4600,3400,8000,4700,3500,8200,4800,3700,8500,4900,3800,8700
, Bufumira ,6200,4400,10600,6400,4600,11000,6600,4800,11400,6900,5000,11900,7100,5200,12300,7400,5400,12800,7600,5600,13200,7800,5800,13600,8100,6000,14100,8300,6300,14600,8600,6500,15100,8800,6700,15500,9100,6900,16000,9300,7200,16500,9600,7400,17000,9800,7600,17400
, Bujumba ,6900,5000,11900,7200,5200,12400,7400,5400,12800,7700,5600,13300,8000,5800,13800,8200,6100,14300,8500,6300,14800,8800,6500,15300,9100,6800,15900,9300,7000,16300,9600,7300,16900,9900,7600,17500,10200,7800,18000,10500,8100,18600,10700,8300,19000,11000,8600,19600
, Kalangala Town Council ,2700,2400,5100,2800,2500,5300,2900,2600,5500,3000,2700,5700,3100,2900,6000,3200,3000,6200,3300,3100,6400,3400,3200,6600,3500,3300,6800,3600,3500,7100,3700,3600,7300,3800,3700,7500,4000,3800,7800,4100,4000,8100,4200,4100,8300,4300,4200,8500
, Kyamuswa ,2800,2100,4900,2900,2200,5100,3000,2200,5200,3100,2300,5400,3200,2400,5600,3300,2500,5800,3400,2600,6000,3600,2700,6300,3700,2800,6500,3800,2900,6700,3900,3000,6900,4000,3100,7100,4100,3200,7300,4200,3400,7600,4400,3500,7900,4500,3600,8100
, Mazinga ,3500,2000,5500,3700,2100,5800,3800,2200,6000,3900,2300,6200,4000,2400,6400,4200,2500,6700,4300,2500,6800,4500,2600,7100,4600,2700,7300,4700,2800,7500,4900,3000,7900,5000,3100,8100,5200,3200,8400,5300,3300,8600,5500,3400,8900,5600,3500,9100
, Mugoye ,7000,5600,12600,7200,5800,13000,7600,6100,13700,7700,6300,14000,8000,6500,14500,8300,6700,15000,8600,7100,15700,8800,7500,16300,9000,7800,16800,9500,8000,17500,9700,8200,17900,10100,8500,18600,10100,8900,19000,10500,9000,19500,10700,9400,20100,11000,9700,20700
,,,,,,,,,,,,,,,,,,,,,,,,,,,,,,,,,,,,,,,,,,,,,,,,,
,,,,,,,,,,,,,,,,,,,,,,,,,,,,,,,,,,,,,,,,,,,,,,,,,
  Kalungu  ,,90500,94100,184600,91600,95000,186600,92700,95900,188600,93700,96800,190500,94800,97600,192400,95700,98400,194100,96700,99100,195800,97500,99800,197300,98400,100400,198800,99100,100900,200000,99800,101400,201200,100300,101800,202100,100800,102100,202900,101200,102300,203500,101500,102400,203900,101600,102300,203900
,,,,,,,,,,,,,,,,,,,,,,,,,,,,,,,,,,,,,,,,,,,,,,,,,
,    Bukulula ,21700,22600,44300,21900,22800,44700,22200,22900,45100,22500,23200,45700,22700,23400,46100,22900,23600,46500,23100,23800,46900,23400,23800,47200,23700,24000,47700,23800,24200,48000,23900,24400,48300,24000,24400,48400,24200,24400,48600,24100,24600,48700,24300,24600,48900,24400,24600,49000
,    Kalungu ,19300,20700,40000,19600,20900,40500,19800,21100,40900,20000,21300,41300,20200,21500,41700,20400,21700,42100,20600,21800,42400,20800,22000,42800,21000,22100,43100,21200,22200,43400,21300,22300,43600,21400,22400,43800,21500,22500,44000,21600,22500,44100,21700,22500,44200,21700,22500,44200
,    Kalungu Town Council ,4100,4100,8200,4100,4100,8200,4200,4200,8400,4200,4200,8400,4300,4300,8600,4300,4300,8600,4400,4300,8700,4400,4400,8800,4400,4400,8800,4500,4400,8900,4500,4400,8900,4500,4400,8900,4500,4500,9000,4600,4500,9100,4600,4500,9100,4600,4500,9100
,    Kyamulibwa ,14100,14400,28500,14300,14500,28800,14400,14700,29100,14600,14800,29400,14800,14900,29700,14900,15000,29900,15100,15100,30200,15200,15300,30500,15300,15300,30600,15400,15400,30800,15500,15500,31000,15600,15600,31200,15700,15600,31300,15800,15600,31400,15800,15600,31400,15800,15600,31400
,    Lukaya Town Council ,11700,12600,24300,11800,12800,24600,12000,12900,24900,12100,13000,25100,12300,13100,25400,12400,13200,25600,12500,13300,25800,12600,13400,26000,12700,13500,26200,12800,13600,26400,12900,13600,26500,13000,13700,26700,13000,13700,26700,13100,13700,26800,13100,13800,26900,13100,13700,26800
,    Lwabenge ,17300,17200,34500,17500,17400,34900,17700,17500,35200,17900,17700,35600,18100,17800,35900,18300,18000,36300,18500,18100,36600,18600,18200,36800,18800,18400,37200,18900,18400,37300,19100,18500,37600,19200,18600,37800,19300,18700,38000,19400,18700,38100,19400,18700,38100,19400,18700,38100
, Kyamulibwa Town Council ,2300,2500,4800,2400,2500,4900,2400,2600,5000,2400,2600,5000,2400,2600,5000,2500,2600,5100,2500,2700,5200,2500,2700,5200,2500,2700,5200,2500,2700,5200,2600,2700,5300,2600,2700,5300,2600,2700,5300,2600,2700,5300,2600,2700,5300,2600,2700,5300
,,,,,,,,,,,,,,,,,,,,,,,,,,,,,,,,,,,,,,,,,,,,,,,,,
,,,,,,,,,,,,,,,,,,,,,,,,,,,,,,,,,,,,,,,,,,,,,,,,,
 Kayunga ,,183600,189600,373200,187400,192700,380100,191200,195900,387100,195000,199000,394000,198800,202100,400900,202600,205100,407700,206300,208000,414300,209900,210900,420800,213400,213700,427100,216800,216300,433100,220100,218800,438900,223200,221200,444400,226200,223400,449600,229000,225400,454400,231600,227300,458900,233800,228500,462300
,,,,,,,,,,,,,,,,,,,,,,,,,,,,,,,,,,,,,,,,,,,,,,,,,
, Bbaale ,9100,8300,17400,9300,8500,17800,9400,8600,18000,9600,8800,18400,9800,8900,18700,10000,9000,19000,10200,9200,19400,10400,9300,19700,10500,9400,19900,10700,9500,20200,10900,9600,20500,11000,9700,20700,11200,9800,21000,11300,9900,21200,11400,10000,21400,11500,10100,21600
, Busaana ,28200,29100,57300,28700,29600,58300,29300,30100,59400,29900,30600,60500,30500,31000,61500,31100,31500,62600,31600,31900,63500,32200,32400,64600,32700,32800,65500,33200,33200,66400,33800,33600,67400,34200,34000,68200,34700,34300,69000,35100,34600,69700,35500,34900,70400,35900,35100,71000
, Galiraya ,12600,11900,24500,12900,12100,25000,13200,12300,25500,13400,12400,25800,13700,12600,26300,13900,12800,26700,14200,13000,27200,14400,13200,27600,14700,13400,28100,14900,13500,28400,15100,13700,28800,15400,13800,29200,15600,14000,29600,15800,14100,29900,15900,14200,30100,16100,14300,30400
, Kangulumira ,26300,28200,54500,26800,28700,55500,27300,29200,56500,27900,29600,57500,28400,30100,58500,29000,30600,59600,29500,31000,60500,30000,31400,61400,30500,31800,62300,31000,32200,63200,31500,32600,64100,31900,33000,64900,32400,33300,65700,32800,33600,66400,33100,33900,67000,33400,34000,67400
, Kayonza ,30000,30200,60200,30800,30500,61300,31300,31000,62300,32000,31800,63800,32700,32200,64900,33200,32700,65900,33900,33000,66900,34400,33600,68000,35100,33900,69000,35700,34400,70100,36100,34900,71000,36600,35200,71800,37000,35500,72500,37600,35900,73500,38200,36100,74300,38300,36300,74600
, Kayunga ,20700,21700,42400,21100,22000,43100,21600,22400,44000,22000,22700,44700,22400,23100,45500,22800,23400,46200,23300,23800,47100,23700,24100,47800,24100,24400,48500,24400,24700,49100,24800,25000,49800,25200,25300,50500,25500,25500,51000,25800,25800,51600,26100,26000,52100,26400,26100,52500
, Kayunga Town Council ,13000,14400,27400,13300,14700,28000,13600,14900,28500,13800,15100,28900,14100,15400,29500,14400,15600,30000,14600,15800,30400,14900,16000,30900,15100,16300,31400,15400,16500,31900,15600,16600,32200,15800,16800,32600,16000,17000,33000,16200,17100,33300,16400,17300,33700,16600,17400,34000
, Kitimbwa ,22500,23700,46200,22900,24100,47000,23400,24500,47900,23900,24800,48700,24300,25200,49500,24800,25600,50400,25200,26000,51200,25700,26300,52000,26100,26700,52800,26500,27000,53500,26900,27300,54200,27300,27600,54900,27700,27900,55600,28000,28100,56100,28300,28400,56700,28600,28500,57100
, Nazigo ,21200,22100,43300,21600,22500,44100,22100,22900,45000,22500,23200,45700,22900,23600,46500,23400,23900,47300,23800,24300,48100,24200,24600,48800,24600,25000,49600,25000,25300,50300,25400,25500,50900,25800,25800,51600,26100,26100,52200,26400,26300,52700,26700,26500,53200,27000,26700,53700
,,,,,,,,,,,,,,,,,,,,,,,,,,,,,,,,,,,,,,,,,,,,,,,,,
,,,,,,,,,,,,,,,,,,,,,,,,,,,,,,,,,,,,,,,,,,,,,,,,,
  Kiboga  ,,77500,73700,151200,79700,75400,155100,81900,77200,159100,84100,79000,163100,86300,80800,167100,88600,82600,171200,90800,84400,175200,93100,86200,179300,95300,88000,183300,97500,89700,187200,99700,91400,191100,101800,93100,194900,103900,94700,198600,105900,96300,202200,107900,97700,205600,109600,99000,208600
,,,,,,,,,,,,,,,,,,,,,,,,,,,,,,,,,,,,,,,,,,,,,,,,,
, Bukomero ,8100,7300,15400,8400,7400,15800,8600,7600,16200,8800,7800,16600,9100,8000,17100,9300,8100,17400,9500,8300,17800,9800,8500,18300,10000,8700,18700,10200,8800,19000,10500,9000,19500,10700,9200,19900,10900,9300,20200,11100,9500,20600,11300,9600,20900,11500,9700,21200
, Bukomero Town Council ,7300,7200,14500,7500,7400,14900,7700,7600,15300,7900,7700,15600,8100,7900,16000,8300,8100,16400,8500,8300,16800,8700,8400,17100,8900,8600,17500,9100,8800,17900,9300,8900,18200,9500,9100,18600,9700,9300,19000,9900,9400,19300,10100,9600,19700,10300,9700,20000
, Ddwaniro ,6800,5500,12300,7000,5700,12700,7200,5800,13000,7400,5900,13300,7600,6100,13700,7800,6200,14000,8000,6300,14300,8200,6500,14700,8400,6600,15000,8600,6700,15300,8800,6900,15700,9000,7000,16000,9100,7100,16200,9300,7200,16500,9500,7300,16800,9600,7400,17000
, Kapeke ,8300,7500,15800,8600,7700,16300,8800,7900,16700,9000,8100,17100,9300,8300,17600,9500,8500,18000,9800,8600,18400,10000,8800,18800,10300,9000,19300,10500,9200,19700,10700,9400,20100,11000,9500,20500,11200,9700,20900,11400,9900,21300,11600,10000,21600,11800,10100,21900
, Kibiga ,13500,12900,26400,13700,13000,26700,14200,13400,27600,14600,13700,28300,14900,14000,28900,15300,14300,29600,15700,14700,30400,16200,15000,31200,16400,15300,31700,16900,15500,32400,17300,15700,33000,17500,16100,33600,18000,16500,34500,18300,16700,35000,18800,17000,35800,19100,17300,36400
, Kiboga Town Council ,9500,10200,19700,9800,10500,20300,10000,10700,20700,10300,11000,21300,10600,11200,21800,10900,11500,22400,11100,11700,22800,11400,12000,23400,11700,12200,23900,11900,12500,24400,12200,12700,24900,12500,12900,25400,12700,13100,25800,13000,13400,26400,13200,13600,26800,13400,13700,27100
, Lwamata ,11300,10400,21700,11700,10700,22400,12000,10900,22900,12300,11200,23500,12600,11400,24000,13000,11700,24700,13300,12000,25300,13600,12200,25800,14000,12500,26500,14300,12700,27000,14600,13000,27600,14900,13200,28100,15200,13400,28600,15500,13600,29100,15800,13800,29600,16000,14000,30000
, Muwanga ,9400,9000,18400,9600,9200,18800,9900,9400,19300,10200,9600,19800,10400,9900,20300,10700,10100,20800,11000,10300,21300,11200,10500,21700,11500,10700,22200,11800,11000,22800,12000,11200,23200,12300,11400,23700,12600,11600,24200,12800,11800,24600,13000,11900,24900,13200,12100,25300
, Lwamata town Council ,3300,3700,7000,3400,3800,7200,3500,3900,7400,3600,4000,7600,3700,4000,7700,3800,4100,7900,3900,4200,8100,4000,4300,8300,4100,4400,8500,4200,4500,8700,4300,4600,8900,4400,4700,9100,4500,4700,9200,4600,4800,9400,4600,4900,9500,4700,5000,9700
,,,,,,,,,,,,,,,,,,,,,,,,,,,,,,,,,,,,,,,,,,,,,,,,,
,,,,,,,,,,,,,,,,,,,,,,,,,,,,,,,,,,,,,,,,,,,,,,,,,
 Kyankwanzi ,,116200,107000,223200,122200,112000,234200,128400,117200,245600,135000,122600,257600,141800,128200,270000,148800,134000,282800,156100,140000,296100,163600,146100,309700,171400,152500,323900,179400,158900,338300,187600,165600,353200,196000,172400,368400,204700,179300,384000,213400,186300,399700,222400,193400,415800,231300,200300,431600
,,,,,,,,,,,,,,,,,,,,,,,,,,,,,,,,,,,,,,,,,,,,,,,,,
, Bananywa ,16700,15500,32200,17700,16200,33900,18500,17000,35500,19600,17800,37400,20500,18600,39100,21500,19400,40900,22700,20100,42800,23700,21200,44900,24900,22000,46900,25900,23100,49000,27300,24100,51400,28400,25000,53400,29700,26000,55700,31000,27000,58000,32300,27900,60200,33400,29300,62700
, Butemba ,10400,9500,19900,10900,10000,20900,11500,10400,21900,12100,10900,23000,12700,11400,24100,13300,11900,25200,13900,12500,26400,14600,13000,27600,15300,13600,28900,16000,14100,30100,16700,14700,31400,17500,15300,32800,18300,16000,34300,19100,16600,35700,19900,17200,37100,20700,17800,38500
, Butemba Town Council ,7700,7200,14900,8100,7600,15700,8500,7900,16400,8900,8300,17200,9400,8700,18100,9800,9000,18800,10300,9500,19800,10800,9900,20700,11300,10300,21600,11900,10700,22600,12400,11200,23600,13000,11600,24600,13500,12100,25600,14100,12600,26700,14700,13100,27800,15300,13500,28800
, Gayaza ,11200,10000,21200,11800,10500,22300,12400,10900,23300,13100,11400,24500,13700,12000,25700,14400,12500,26900,15100,13100,28200,15800,13600,29400,16600,14200,30800,17400,14800,32200,18200,15500,33700,19000,16100,35100,19800,16700,36500,20700,17400,38100,21500,18100,39600,22400,18700,41100
, Kyankwanzi ,2400,2000,4400,2500,2100,4600,2600,2200,4800,2700,2300,5000,2900,2400,5300,3000,2500,5500,3200,2600,5800,3300,2700,6000,3500,2900,6400,3600,3000,6600,3800,3100,6900,4000,3200,7200,4100,3400,7500,4300,3500,7800,4500,3600,8100,4700,3700,8400
, Mulagi ,6700,6900,13600,7000,7200,14200,7400,7500,14900,7700,7900,15600,8100,8200,16300,8500,8600,17100,8900,9000,17900,9400,9400,18800,9800,9800,19600,10300,10200,20500,10700,10600,21300,11200,11100,22300,11700,11500,23200,12200,11900,24100,12700,12400,25100,13200,12800,26000
, Nkandwa ,6900,6500,13400,7200,6800,14000,7600,7200,14800,8000,7500,15500,8400,7800,16200,8800,8200,17000,9200,8500,17700,9700,8900,18600,10100,9300,19400,10600,9700,20300,11100,10100,21200,11600,10500,22100,12100,10900,23000,12600,11400,24000,13200,11800,25000,13700,12200,25900
, Nsambya ,14500,12900,27400,15300,13500,28800,16100,14100,30200,16900,14800,31700,17700,15400,33100,18600,16100,34700,19500,16900,36400,20500,17600,38100,21500,18400,39900,22500,19100,41600,23500,19900,43400,24500,20800,45300,25600,21600,47200,26700,22400,49100,27800,23300,51100,29000,24100,53100
, Ntwetwe ,9600,8600,18200,10100,9000,19100,10600,9400,20000,11100,9900,21000,11700,10300,22000,12300,10800,23100,12900,11300,24200,13500,11800,25300,14100,12300,26400,14800,12800,27600,15500,13300,28800,16100,13900,30000,16900,14400,31300,17600,15000,32600,18300,15600,33900,19100,16100,35200
, Ntwetwe  Town Council ,5300,5300,10600,5600,5500,11100,5800,5800,11600,6100,6000,12100,6400,6300,12700,6800,6600,13400,7100,6900,14000,7400,7200,14600,7800,7500,15300,8200,7800,16000,8500,8100,16600,8900,8500,17400,9300,8800,18100,9700,9200,18900,10100,9500,19600,10500,9900,20400
, Wattuba ,11200,10600,21800,11800,11100,22900,12400,11600,24000,13000,12100,25100,13700,12700,26400,14400,13300,27700,15100,13900,29000,15800,14500,30300,16500,15100,31600,17300,15700,33000,18100,16400,34500,18900,17100,36000,19800,17800,37600,20600,18400,39000,21500,19200,40700,22300,19800,42100
, Byerima ,8600,7900,16500,9000,8200,17200,9500,8600,18100,10000,9000,19000,10500,9400,19900,11000,9900,20900,11500,10300,21800,12100,10700,22800,12600,11200,23800,13200,11700,24900,13800,12200,26000,14500,12700,27200,15100,13200,28300,15700,13700,29400,16400,14200,30600,17100,14700,31800
, Kyankwanzi Town Council ,3500,2900,6400,3700,3000,6700,3900,3200,7100,4100,3300,7400,4300,3500,7800,4500,3600,8100,4700,3800,8500,4900,3900,8800,5200,4100,9300,5400,4300,9700,5600,4500,10100,5900,4600,10500,6200,4800,11000,6400,5000,11400,6700,5200,11900,7000,5400,12400
, Banda ,1500,1200,2700,1500,1300,2800,1600,1400,3000,1700,1400,3100,1800,1500,3300,1900,1600,3500,2000,1600,3600,2100,1700,3800,2200,1800,4000,2300,1900,4200,2400,1900,4300,2500,2000,4500,2600,2100,4700,2700,2200,4900,2800,2300,5100,2900,2300,5200
,,,,,,,,,,,,,,,,,,,,,,,,,,,,,,,,,,,,,,,,,,,,,,,,,
,,,,,,,,,,,,,,,,,,,,,,,,,,,,,,,,,,,,,,,,,,,,,,,,,
  Luwero  ,,231500,234000,465500,237600,239300,476900,243800,244700,488500,250100,250100,500200,256400,255500,511900,262700,260900,523600,269000,266200,535200,275300,271400,546700,281500,276600,558100,287500,281700,569200,293500,286700,580200,299400,291500,590900,305100,296200,601300,310600,300700,611300,315800,304900,620700,320600,308500,629100
,,,,,,,,,,,,,,,,,,,,,,,,,,,,,,,,,,,,,,,,,,,,,,,,,
, Bamunanika ,14800,14500,29300,15200,14900,30100,15600,15200,30800,16000,15500,31500,16400,15900,32300,16800,16200,33000,17200,16500,33700,17600,16900,34500,18000,17200,35200,18300,17500,35800,18700,17800,36500,19100,18100,37200,19500,18400,37900,19800,18700,38500,20200,18900,39100,20500,19200,39700
, Bombo Town Council ,12700,13600,26300,13000,13900,26900,13400,14200,27600,13700,14600,28300,14100,14900,29000,14400,15200,29600,14700,15500,30200,15100,15800,30900,15400,16100,31500,15800,16400,32200,16100,16700,32800,16400,17000,33400,16700,17200,33900,17000,17500,34500,17300,17800,35100,17600,18000,35600
, Butuntumula ,18200,17700,35900,18700,18100,36800,19200,18500,37700,19700,19000,38700,20200,19400,39600,20700,19800,40500,21200,20200,41400,21700,20600,42300,22200,21000,43200,22700,21300,44000,23100,21700,44800,23600,22100,45700,24000,22400,46400,24500,22800,47300,24900,23100,48000,25300,23400,48700
, Kalagala ,22600,22800,45400,23200,23300,46500,23800,23800,47600,24500,24300,48800,25100,24900,50000,25700,25400,51100,26300,25900,52200,26900,26400,53300,27500,26900,54400,28100,27400,55500,28700,27900,56600,29300,28400,57700,29800,28800,58600,30400,29300,59700,30900,29700,60600,31300,30000,61300
, Kamira ,14200,12700,26900,14500,13000,27500,14900,13300,28200,15300,13600,28900,15700,13900,29600,16100,14200,30300,16400,14500,30900,16800,14800,31600,17200,15100,32300,17600,15300,32900,17900,15600,33500,18300,15900,34200,18600,16100,34700,19000,16400,35400,19300,16600,35900,19600,16800,36400
, Katikamu ,21700,22600,44300,22300,23100,45400,22800,23600,46400,23400,24100,47500,24000,24600,48600,24600,25200,49800,25200,25700,50900,25800,26200,52000,26400,26700,53100,26900,27200,54100,27500,27700,55200,28000,28100,56100,28600,28600,57200,29100,29000,58100,29600,29400,59000,30000,29800,59800
, Kikyusa ,17900,17500,35400,18400,17900,36300,18900,18300,37200,19400,18700,38100,19900,19100,39000,20400,19500,39900,20800,19900,40700,21300,20200,41500,21800,20600,42400,22300,21000,43300,22700,21400,44100,23200,21700,44900,23600,22100,45700,24100,22400,46500,24500,22700,47200,24800,23000,47800
, Luweero Town Council ,20300,23400,43700,20800,23900,44700,21300,24500,45800,21900,25000,46900,22400,25600,48000,23000,26100,49100,23500,26600,50100,24100,27200,51300,24600,27700,52300,25200,28200,53400,25700,28700,54400,26200,29200,55400,26700,29600,56300,27200,30100,57300,27600,30500,58100,28100,30900,59000
, Luwero ,17300,16900,34200,17700,17300,35000,18200,17700,35900,18700,18100,36800,19100,18500,37600,19600,18800,38400,20100,19200,39300,20500,19600,40100,21000,20000,41000,21500,20300,41800,21900,20700,42600,22300,21100,43400,22800,21400,44200,23200,21700,44900,23600,22000,45600,23900,22300,46200
, Makulubita ,17100,16400,33500,17600,16800,34400,18000,17100,35100,18500,17500,36000,19000,17900,36900,19400,18300,37700,19900,18600,38500,20400,19000,39400,20800,19400,40200,21300,19700,41000,21700,20100,41800,22200,20400,42600,22600,20700,43300,23000,21100,44100,23400,21400,44800,23700,21600,45300
, Nyimbwa ,19100,18200,37300,19600,18600,38200,20100,19000,39100,20600,19400,40000,21100,19800,40900,21600,20300,41900,22100,20700,42800,22700,21100,43800,23200,21500,44700,23700,21900,45600,24200,22300,46500,24600,22600,47200,25100,23000,48100,25600,23400,49000,26000,23700,49700,26400,24000,50400
, Wobulenzi Town Council ,12600,15000,27600,12900,15300,28200,13300,15600,28900,13600,16000,29600,13900,16300,30200,14300,16700,31000,14600,17000,31600,15000,17300,32300,15300,17700,33000,15600,18000,33600,16000,18300,34300,16300,18600,34900,16600,18900,35500,16900,19200,36100,17200,19500,36700,17400,19700,37100
, Zirobwe ,23000,22700,45700,23700,23200,46900,24300,23900,48200,24800,24300,49100,25500,24700,50200,26100,25200,51300,27000,25900,52900,27400,26300,53700,28100,26700,54800,28500,27500,56000,29300,27800,57100,29900,28300,58200,30500,29000,59500,30800,29100,59900,31300,29600,60900,32000,29800,61800
,,,,,,,,,,,,,,,,,,,,,,,,,,,,,,,,,,,,,,,,,,,,,,,,,
,,,,,,,,,,,,,,,,,,,,,,,,,,,,,,,,,,,,,,,,,,,,,,,,,
 Lwengo  ,,134600,142300,276900,136200,143600,279800,137700,144900,282600,139200,146200,285400,140700,147400,288100,142000,148500,290500,143300,149600,292900,144600,150600,295200,145700,151500,297200,146700,152200,298900,147600,152900,300500,148300,153500,301800,149000,153900,302900,149500,154200,303700,149800,154400,304200,149900,154100,304000
,,,,,,,,,,,,,,,,,,,,,,,,,,,,,,,,,,,,,,,,,,,,,,,,,
,    Kisekka ,23900,25600,49500,24200,25900,50100,24500,26100,50600,24800,26300,51100,25000,26600,51600,25300,26800,52100,25500,27000,52500,25700,27100,52800,25900,27300,53200,26100,27400,53500,26300,27500,53800,26400,27700,54100,26500,27700,54200,26600,27800,54400,26600,27800,54400,26700,27800,54500
,    Kkingo ,16900,17800,34700,17100,17900,35000,17300,18100,35400,17400,18200,35600,17600,18400,36000,17800,18500,36300,18000,18700,36700,18100,18800,36900,18300,18900,37200,18400,19000,37400,18500,19100,37600,18600,19200,37800,18700,19200,37900,18700,19200,37900,18800,19300,38100,18800,19200,38000
,    Kyazanga ,17300,17800,35100,17500,17900,35400,17700,18100,35800,17800,18200,36000,18000,18400,36400,18200,18500,36700,18400,18700,37100,18500,18800,37300,18700,18900,37600,18800,19000,37800,18900,19100,38000,19000,19200,38200,19100,19200,38300,19200,19200,38400,19200,19300,38500,19200,19200,38400
,    Kyazanga Town Council ,7200,8100,15300,7300,8100,15400,7400,8200,15600,7500,8300,15800,7600,8400,16000,7600,8400,16000,7700,8500,16200,7800,8500,16300,7800,8600,16400,7900,8600,16500,7900,8700,16600,8000,8700,16700,8000,8700,16700,8000,8700,16700,8100,8700,16800,8100,8700,16800
,    Lwengo ,24700,25500,50200,25000,25800,50800,25200,26000,51200,25600,26400,52000,25900,26400,52300,26000,26700,52700,26300,26800,53100,26600,27100,53700,26700,27200,53900,26900,27400,54300,27100,27400,54500,27200,27400,54600,27400,27800,55200,27400,27800,55200,27400,27800,55200,27400,27700,55100
,    Lwengo Town Council ,6800,7600,14400,6900,7700,14600,7000,7700,14700,7000,7800,14800,7100,7900,15000,7200,7900,15100,7200,8000,15200,7300,8000,15300,7400,8100,15500,7400,8100,15500,7500,8200,15700,7500,8200,15700,7500,8200,15700,7600,8200,15800,7600,8200,15800,7600,8200,15800
,    Malongo ,18700,20100,38800,18900,20300,39200,19100,20500,39600,19300,20600,39900,19500,20800,40300,19700,21000,40700,19900,21100,41000,20100,21300,41400,20200,21400,41600,20400,21500,41900,20500,21600,42100,20600,21700,42300,20700,21700,42400,20800,21800,42600,20800,21800,42600,20800,21800,42600
,    Ndagwe ,19100,19800,38900,19300,20000,39300,19500,20200,39700,19800,20400,40200,20000,20500,40500,20200,20700,40900,20300,20800,41100,20500,21000,41500,20700,21100,41800,20800,21200,42000,20900,21300,42200,21000,21400,42400,21100,21400,42500,21200,21500,42700,21300,21500,42800,21300,21500,42800
,,,,,,,,,,,,,,,,,,,,,,,,,,,,,,,,,,,,,,,,,,,,,,,,,
,,,,,,,,,,,,,,,,,,,,,,,,,,,,,,,,,,,,,,,,,,,,,,,,,
 Lyantonde  ,,47900,48000,95900,49400,49400,98800,50900,50700,101600,52500,52100,104600,54000,53500,107500,55600,54900,110500,57200,56300,113500,58800,57700,116500,60500,59100,119600,62100,60500,122600,63700,61900,125600,65200,63300,128500,66800,64600,131400,68300,65900,134200,69800,67200,137000,71200,68300,139500
,,,,,,,,,,,,,,,,,,,,,,,,,,,,,,,,,,,,,,,,,,,,,,,,,
,    Kaliiro ,9200,9400,18600,9500,9700,19200,9800,10000,19800,10100,10300,20400,10400,10500,20900,10700,10700,21400,11000,11000,22000,11300,11300,22600,11600,11600,23200,11900,11900,23800,12200,12100,24300,12500,12400,24900,12800,12700,25500,13100,12900,26000,13400,13200,26600,13700,13500,27200
,    Kasagama ,5800,5500,11300,6000,5500,11500,6200,5800,12000,6400,5900,12300,6600,6100,12700,6800,6200,13000,7000,6400,13400,7200,6600,13800,7400,6700,14100,7600,6900,14500,7800,7000,14800,7900,7200,15100,8100,7300,15400,8300,7500,15800,8500,7600,16100,8700,7700,16400
,    Kinuuka ,4500,4500,9000,4600,4600,9200,4800,4700,9500,4900,4800,9700,5100,5000,10100,5200,5100,10300,5400,5200,10600,5500,5300,10800,5700,5500,11200,5800,5600,11400,6000,5700,11700,6100,5900,12000,6300,6000,12300,6400,6100,12500,6500,6200,12700,6700,6300,13000
,    Lyantonde ,9300,9200,18500,9600,9700,19300,9800,9900,19700,10100,10100,20200,10200,10400,20600,10700,10800,21500,11000,11000,22000,11300,11400,22700,11600,11600,23200,12000,11800,23800,12300,12200,24500,12700,12400,25100,12800,12700,25500,13200,12900,26100,13500,13200,26700,13700,13300,27000
,    Lyantonde Town Council ,6700,7400,14100,6900,7600,14500,7100,7700,14800,7400,8100,15500,7600,8200,15800,7800,8500,16300,8000,8700,16700,8200,8800,17000,8500,9000,17500,8700,9300,18000,8900,9500,18400,9100,9700,18800,9400,9900,19300,9600,10100,19700,9800,10300,20100,10000,10500,20500
,    Mpumudde ,7100,7100,14200,7400,7300,14700,7600,7500,15100,7800,7600,15400,8100,7900,16000,8300,8100,16400,8500,8300,16800,8800,8500,17300,9000,8700,17700,9300,8900,18200,9500,9100,18600,9700,9300,19000,10000,9500,19500,10200,9700,19900,10400,9900,20300,10600,10100,20700
, Lyakajura ,5300,4900,10200,5400,5000,10400,5600,5100,10700,5800,5300,11100,6000,5400,11400,6100,5500,11600,6300,5700,12000,6500,5800,12300,6700,6000,12700,6800,6100,12900,7000,6300,13300,7200,6400,13600,7400,6500,13900,7500,6700,14200,7700,6800,14500,7800,6900,14700
,,,,,,,,,,,,,,,,,,,,,,,,,,,,,,,,,,,,,,,,,,,,,,,,,
,,,,,,,,,,,,,,,,,,,,,,,,,,,,,,,,,,,,,,,,,,,,,,,,,
 Masaka  ,,148200,153700,301900,151700,156900,308600,155300,160100,315400,158900,163300,322200,162400,166500,328900,166000,169700,335700,169500,172800,342300,173000,175800,348800,176400,178800,355200,179700,181800,361500,183000,184600,367600,186100,187300,373400,189100,189900,379000,192000,192400,384400,194800,194800,389600,197200,196600,393800
,,,,,,,,,,,,,,,,,,,,,,,,,,,,,,,,,,,,,,,,,,,,,,,,,
,    Bukakata ,9600,8400,18000,9800,8600,18400,10100,8800,18900,10300,9000,19300,10500,9100,19600,10700,9300,20000,11000,9500,20500,11200,9700,20900,11400,9800,21200,11600,10000,21600,11800,10100,21900,12000,10300,22300,12200,10400,22600,12400,10600,23000,12600,10700,23300,12800,10800,23600
,    Buwunga ,21500,21500,43000,22000,21900,43900,22500,22300,44800,23000,22800,45800,23500,23200,46700,24000,23700,47700,24500,24100,48600,25100,24500,49600,25500,25000,50500,26000,25400,51400,26500,25800,52300,27000,26100,53100,27400,26500,53900,27800,26900,54700,28200,27200,55400,28600,27400,56000
,    Kabonera ,16200,17400,33600,16600,17700,34300,17000,18100,35100,17400,18400,35800,17700,18800,36500,18100,19200,37300,18500,19500,38000,18900,19800,38700,19300,20200,39500,19600,20500,40100,20000,20800,40800,20300,21100,41400,20700,21400,42100,21000,21700,42700,21300,22000,43300,21500,22200,43700
,    Kyanamukaaka ,16200,15800,32000,16600,16200,32800,17000,16500,33500,17400,16800,34200,17800,17100,34900,18200,17500,35700,18500,17800,36300,18900,18100,37000,19300,18400,37700,19700,18700,38400,20000,19000,39000,20400,19300,39700,20700,19600,40300,21000,19800,40800,21300,20100,41400,21600,20200,41800
,    Kyesiiga ,13000,12300,25300,13300,12500,25800,13600,12800,26400,13900,13000,26900,14200,13300,27500,14500,13500,28000,14800,13800,28600,15200,14000,29200,15500,14300,29800,15700,14500,30200,16000,14700,30700,16300,14900,31200,16600,15200,31800,16800,15300,32100,17100,15500,32600,17300,15700,33000
,    Mukungwe ,21800,23200,45000,22300,23800,46100,22800,24200,47000,23400,24800,48200,24100,25300,49400,24700,25700,50400,25200,26100,51300,25500,26700,52200,26100,27000,53100,26700,27500,54200,27200,28100,55300,27600,28400,56000,27900,28800,56700,28400,29200,57600,28800,29500,58300,29100,29800,58900
, Masaka Municipality , -   , -   , -   , -   , -   , -   , -   , -   , -   , -   , -   , -   , -   , -   , -   , -   , -   , -   , -   , -   , -   , -   , -   , -   , -   , -   , -   , -   , -   , -   , -   , -   , -   , -   , -   , -   , -   , -   , -   , -   , -   , -   , -   , -   , -   , -   , -   , -   
,    Katwe-Butego Division ,12200,13600,25800,12500,13900,26400,12800,14200,27000,13100,14400,27500,13300,14700,28000,13600,15000,28600,13900,15300,29200,14200,15500,29700,14500,15800,30300,14800,16100,30900,15000,16300,31300,15300,16600,31900,15500,16800,32300,15800,17000,32800,16000,17200,33200,16200,17400,33600
,    Kimaanya-Kyabakuza Division ,16700,18200,34900,17100,18500,35600,17500,18900,36400,17900,19300,37200,18300,19700,38000,18700,20000,38700,19100,20400,39500,19500,20800,40300,19800,21100,40900,20200,21500,41700,20600,21800,42400,20900,22100,43000,21300,22400,43700,21600,22700,44300,21900,23000,44900,22200,23200,45400
,    Nyendo-Ssenyange Division ,21000,23300,44300,21500,23800,45300,22000,24300,46300,22500,24800,47300,23000,25300,48300,23500,25800,49300,24000,26300,50300,24500,26700,51200,25000,27200,52200,25400,27600,53000,25900,28000,53900,26300,28500,54800,26800,28800,55600,27200,29200,56400,27600,29600,57200,27900,29900,57800
,,,,,,,,,,,,,,,,,,,,,,,,,,,,,,,,,,,,,,,,,,,,,,,,,
,,,,,,,,,,,,,,,,,,,,,,,,,,,,,,,,,,,,,,,,,,,,,,,,,
 Mpigi  ,,127900,127300,255200,131100,130300,261400,134400,133200,267600,137700,136200,273900,141100,139200,280300,144400,142200,286600,147700,145200,292900,150900,148200,299100,154200,151100,305300,157300,153900,311200,160400,156700,317100,163500,159400,322900,166400,162100,328500,169200,164600,333800,171900,167000,338900,174300,169000,343300
,,,,,,,,,,,,,,,,,,,,,,,,,,,,,,,,,,,,,,,,,,,,,,,,,
,    Buwama ,25800,25600,51400,26500,26300,52800,27100,26700,53800,27900,27400,55300,28600,27900,56500,29300,28500,57800,29900,29100,59000,30600,29800,60400,31300,30300,61600,32000,30900,62900,32500,31400,63900,33000,32000,65000,33700,32500,66200,34300,33000,67300,34700,33400,68100,35100,34000,69100
,    Kammengo ,20200,19500,39700,20700,19900,40600,21200,20400,41600,21700,20800,42500,22200,21300,43500,22800,21800,44600,23300,22200,45500,23800,22700,46500,24300,23100,47400,24800,23600,48400,25300,24000,49300,25800,24400,50200,26200,24800,51000,26700,25200,51900,27100,25600,52700,27500,25900,53400
,    Kiringente ,11600,11500,23100,11900,11800,23700,12200,12000,24200,12500,12300,24800,12800,12600,25400,13100,12900,26000,13400,13100,26500,13700,13400,27100,14000,13700,27700,14300,13900,28200,14600,14200,28800,14900,14400,29300,15100,14700,29800,15400,14900,30300,15600,15100,30700,15900,15300,31200
,    Kituntu ,11500,11200,22700,11800,11400,23200,12100,11700,23800,12400,12000,24400,12700,12200,24900,13000,12500,25500,13300,12800,26100,13600,13000,26600,13900,13300,27200,14100,13500,27600,14400,13800,28200,14700,14000,28700,15000,14200,29200,15200,14500,29700,15500,14700,30200,15700,14800,30500
,    Mpigi Town Council ,21600,22600,44200,22100,23100,45200,22700,23700,46400,23200,24200,47400,23800,24700,48500,24300,25200,49500,24900,25800,50700,25400,26300,51700,26000,26800,52800,26500,27300,53800,27000,27800,54800,27600,28300,55900,28100,28800,56900,28500,29200,57700,29000,29700,58700,29400,30000,59400
,    Muduuma ,16000,15200,31200,16400,15600,32000,16800,16000,32800,17200,16300,33500,17600,16700,34300,18000,17000,35000,18400,17400,35800,18800,17700,36500,19200,18100,37300,19600,18400,38000,20000,18800,38800,20400,19100,39500,20800,19400,40200,21100,19700,40800,21500,20000,41500,21800,20200,42000
,    Nkozi ,21200,21700,42900,21700,22200,43900,22300,22700,45000,22800,23200,46000,23400,23800,47200,23900,24300,48200,24500,24800,49300,25000,25300,50300,25500,25800,51300,26000,26300,52300,26600,26700,53300,27100,27200,54300,27500,27700,55200,28000,28100,56100,28500,28500,57000,28900,28800,57700
,,,,,,,,,,,,,,,,,,,,,,,,,,,,,,,,,,,,,,,,,,,,,,,,,
,,,,,,,,,,,,,,,,,,,,,,,,,,,,,,,,,,,,,,,,,,,,,,,,,
 Mukono  ,,296200,314000,610200,304700,323200,627900,313300,332700,646000,322000,342300,664300,330800,352000,682800,339600,361800,701400,348500,371600,720100,357300,381500,738800,366100,391400,757500,374800,401200,776000,383300,411000,794300,391800,420700,812500,400000,430300,830300,408000,439700,847700,415800,449000,864800,422900,457200,880100
, Mukono Municipality , -   , -   , -   , -   , -   , -   , -   , -   , -   , -   , -   , -   , -   , -   , -   , -   , -   , -   , -   , -   , -   , -   , -   , -   , -   , -   , -   , -   , -   , -   , -   , -   , -   , -   , -   , -   , -   , -   , -   , -   , -   , -   , -   , -   , -   , -   , -   , -   
, Central Division ,31800,39400,71200,32700,40600,73300,33700,41800,75500,34600,43000,77600,35500,44200,79700,36500,45400,81900,37400,46700,84100,38400,47900,86300,39300,49100,88400,40300,50400,90700,41200,51600,92800,42100,52800,94900,43000,54000,97000,43800,55200,99000,44700,56400,101100,45400,57400,102800
, Goma Division ,44500,50600,95100,45700,52100,97800,46900,53800,100700,48300,55400,103700,49800,57000,106800,51100,58300,109400,52300,60000,112300,53600,61700,115300,55000,63000,118000,56300,64700,121000,57700,66500,124200,59000,68000,127000,60400,69500,129900,61400,70900,132300,62400,72300,134700,63600,73800,137400
, Kasawo ,18100,18700,36800,18600,19200,37800,19100,19800,38900,19700,20300,40000,20200,20900,41100,20700,21500,42200,21300,22100,43400,21800,22700,44500,22300,23300,45600,22900,23800,46700,23400,24400,47800,23900,25000,48900,24400,25600,50000,24900,26100,51000,25400,26700,52100,25800,27200,53000
, Kimenyedde ,17500,18900,36400,18000,19500,37500,18500,20000,38500,19000,20600,39600,19600,21200,40800,20100,21800,41900,20600,22400,43000,21100,23000,44100,21600,23600,45200,22200,24200,46400,22700,24700,47400,23200,25300,48500,23600,25900,49500,24100,26500,50600,24600,27000,51600,25000,27500,52500
, Koome Island ,10800,8400,19200,11100,8700,19800,11400,8900,20300,11700,9200,20900,12000,9500,21500,12300,9700,22000,12700,10000,22700,13000,10200,23200,13300,10500,23800,13600,10800,24400,13900,11000,24900,14200,11300,25500,14500,11600,26100,14800,11800,26600,15100,12100,27200,15400,12300,27700
, Kyampisi ,22600,23400,46000,23300,24100,47400,23900,24800,48700,24600,25500,50100,25200,26200,51400,25900,27000,52900,26600,27700,54300,27300,28400,55700,27900,29200,57100,28600,29900,58500,29200,30600,59800,29900,31300,61200,30500,32100,62600,31100,32800,63900,31700,33500,65200,32300,34100,66400
, Mpatta ,9100,8400,17500,9400,8600,18000,9700,8900,18600,9900,9200,19100,10200,9400,19600,10500,9700,20200,10700,9900,20600,11000,10200,21200,11300,10500,21800,11600,10700,22300,11800,11000,22800,12100,11300,23400,12300,11500,23800,12600,11800,24400,12800,12000,24800,13000,12200,25200
, Mpunge ,7300,7000,14300,7500,7200,14700,7700,7400,15100,7900,7600,15500,8100,7800,15900,8300,8000,16300,8500,8200,16700,8800,8500,17300,9000,8700,17700,9200,8900,18100,9400,9100,18500,9600,9300,18900,9800,9500,19300,10000,9800,19800,10200,10000,20200,10400,10100,20500
, Nabbaale ,18000,19500,37500,18500,20100,38600,19100,20600,39700,19600,21200,40800,20100,21800,41900,20700,22500,43200,21200,23100,44300,21700,23700,45400,22300,24300,46600,22800,24900,47700,23300,25500,48800,23800,26100,49900,24300,26700,51000,24800,27300,52100,25300,27900,53200,25700,28400,54100
, Nagojje ,17600,17700,35300,18100,18200,36300,18600,18800,37400,19100,19300,38400,19600,19800,39400,20100,20400,40500,20700,21000,41700,21200,21500,42700,21700,22100,43800,22200,22600,44800,22700,23200,45900,23200,23700,46900,23700,24300,48000,24200,24800,49000,24700,25300,50000,25100,25800,50900
, Nakisunga ,24500,25000,49500,25200,25700,50900,25900,26400,52300,26600,27200,53800,27300,28000,55300,28000,28800,56800,28800,29500,58300,29500,30300,59800,30200,31100,61300,30900,31900,62800,31600,32700,64300,32300,33400,65700,33000,34200,67200,33700,35000,68700,34300,35700,70000,34900,36300,71200
, Nama ,26800,28700,55500,27600,29500,57100,28400,30400,58800,29200,31200,60400,30000,32100,62100,30800,33000,63800,31600,33900,65500,32400,34800,67200,33200,35700,68900,33900,36600,70500,34700,37500,72200,35500,38400,73900,36200,39300,75500,36900,40100,77000,37700,41000,78700,38300,41700,80000
, Ntenjeru ,20600,21400,42000,21200,22000,43200,21800,22700,44500,22400,23300,45700,23000,24000,47000,23600,24700,48300,24300,25300,49600,24900,26000,50900,25500,26700,52200,26100,27400,53500,26700,28000,54700,27300,28700,56000,27800,29300,57100,28400,30000,58400,28900,30600,59500,29400,31200,60600
, Ntunda ,7800,7600,15400,8000,7800,15800,8300,8000,16300,8500,8300,16800,8700,8500,17200,9000,8800,17800,9200,9000,18200,9400,9200,18600,9700,9500,19200,9900,9700,19600,10100,9900,20000,10300,10200,20500,10500,10400,20900,10800,10600,21400,11000,10900,21900,11100,11100,22200
, Seeta Namuganga ,19200,19300,38500,19800,19900,39700,20300,20400,40700,20900,21000,41900,21500,21600,43100,22000,22200,44200,22600,22800,45400,23200,23400,46600,23800,24100,47900,24300,24700,49000,24900,25300,50200,25400,25900,51300,26000,26400,52400,26500,27000,53500,27000,27600,54600,27500,28100,55600
,,,,,,,,,,,,,,,,,,,,,,,,,,,,,,,,,,,,,,,,,,,,,,,,,
,,,,,,,,,,,,,,,,,,,,,,,,,,,,,,,,,,,,,,,,,,,,,,,,,
 Nakaseke  ,,107900,94300,202200,111900,96500,208400,115900,98800,214700,120100,101200,221300,124400,103500,227900,128800,105800,234600,133200,108200,241400,137700,110500,248200,142200,112700,254900,146800,115000,261800,151300,117200,268500,155900,119300,275200,160500,121400,281900,165000,123400,288400,169600,125400,295000,173900,127000,300900
,,,,,,,,,,,,,,,,,,,,,,,,,,,,,,,,,,,,,,,,,,,,,,,,,
, Butalangu Town Council ,2400,1800,4200,2400,1900,4300,2500,1900,4400,2600,2000,4600,2700,2000,4700,2800,2100,4900,2900,2100,5000,3000,2200,5200,3100,2200,5300,3200,2200,5400,3300,2300,5600,3400,2300,5700,3500,2400,5900,3600,2400,6000,3700,2400,6100,3800,2500,6300
, Kapeeka ,16100,12500,28600,17000,12600,29600,17600,13000,30600,18100,13000,31100,18500,13500,32000,19300,13800,33100,20000,14300,34300,20800,14500,35300,21400,14700,36100,22200,14900,37100,22700,15600,38300,23300,15700,39000,24100,15800,39900,24900,16100,41000,25300,16500,41800,25900,16600,42500
, Kasangombe ,11300,11000,22300,11700,11200,22900,12100,11500,23600,12600,11800,24400,13000,12100,25100,13500,12300,25800,14000,12600,26600,14400,12900,27300,14900,13100,28000,15400,13400,28800,15800,13600,29400,16300,13900,30200,16800,14100,30900,17300,14400,31700,17800,14600,32400,18200,14800,33000
, Kikamulo ,9600,9300,18900,9900,9500,19400,10300,9700,20000,10700,10000,20700,11100,10200,21300,11400,10400,21800,11800,10700,22500,12200,10900,23100,12600,11100,23700,13000,11300,24300,13400,11500,24900,13900,11800,25700,14300,12000,26300,14700,12200,26900,15100,12400,27500,15500,12500,28000
, Kinoni ,3900,3000,6900,4000,3100,7100,4100,3100,7200,4300,3200,7500,4400,3300,7700,4600,3400,8000,4800,3400,8200,4900,3500,8400,5100,3600,8700,5200,3700,8900,5400,3700,9100,5600,3800,9400,5700,3900,9600,5900,3900,9800,6100,4000,10100,6200,4000,10200
, Kinyogoga ,7500,4500,12000,7700,4600,12300,8000,4700,12700,8300,4800,13100,8600,4900,13500,8900,5000,13900,9200,5100,14300,9500,5200,14700,9800,5300,15100,10200,5400,15600,10500,5500,16000,10800,5600,16400,11100,5700,16800,11400,5800,17200,11700,5900,17600,12000,6000,18000
, Kito ,5200,4700,9900,5400,4900,10300,5600,5000,10600,5800,5100,10900,6100,5200,11300,6300,5300,11600,6500,5400,11900,6700,5600,12300,6900,5700,12600,7100,5800,12900,7400,5900,13300,7600,6000,13600,7800,6100,13900,8000,6200,14200,8200,6300,14500,8500,6400,14900
, Kiwoko Town Council ,5500,5800,11300,5700,6000,11700,5900,6100,12000,6100,6300,12400,6400,6400,12800,6600,6600,13200,6800,6700,13500,7000,6800,13800,7300,7000,14300,7500,7100,14600,7700,7300,15000,8000,7400,15400,8200,7500,15700,8400,7600,16000,8700,7800,16500,8900,7900,16800
, Nakaseke ,9200,8900,18100,9500,9100,18600,9800,9300,19100,10200,9600,19800,10600,9800,20400,10900,10000,20900,11300,10200,21500,11700,10400,22100,12100,10600,22700,12500,10900,23400,12800,11100,23900,13200,11300,24500,13600,11500,25100,14000,11700,25700,14400,11800,26200,14800,12000,26800
, Nakaseke Town Council ,3600,3800,7400,3700,3900,7600,3900,4000,7900,4000,4100,8100,4200,4200,8400,4300,4300,8600,4400,4400,8800,4600,4500,9100,4700,4600,9300,4900,4700,9600,5100,4700,9800,5200,4800,10000,5400,4900,10300,5500,5000,10500,5700,5100,10800,5800,5100,10900
, Ngoma ,4700,3300,8000,4900,3400,8300,5100,3500,8600,5300,3600,8900,5400,3700,9100,5600,3700,9300,5800,3800,9600,6000,3900,9900,6200,4000,10200,6400,4100,10500,6600,4100,10700,6800,4200,11000,7000,4300,11300,7200,4400,11600,7400,4400,11800,7600,4500,12100
, Ngoma Town Council ,3300,3200,6500,3400,3200,6600,3500,3300,6800,3600,3400,7000,3800,3500,7300,3900,3600,7500,4000,3600,7600,4200,3700,7900,4300,3800,8100,4400,3900,8300,4600,3900,8500,4700,4000,8700,4900,4100,9000,5000,4100,9100,5100,4200,9300,5300,4300,9600
, Semuto ,12400,11500,23900,12900,11800,24700,13400,12100,25500,13900,12400,26300,14400,12600,27000,14900,12900,27800,15400,13200,28600,15900,13500,29400,16400,13800,30200,16900,14100,31000,17500,14300,31800,18000,14600,32600,18500,14800,33300,19000,15100,34100,19600,15300,34900,20100,15500,35600
, Semuto Town Council ,5500,5400,10900,5700,5500,11200,5900,5700,11600,6100,5800,11900,6400,5900,12300,6600,6100,12700,6800,6200,13000,7000,6300,13300,7300,6500,13800,7500,6600,14100,7700,6700,14400,8000,6800,14800,8200,7000,15200,8400,7100,15500,8700,7200,15900,8900,7300,16200
, Wakyato ,7700,5600,13300,8000,5800,13800,8200,5900,14100,8500,6100,14600,8800,6200,15000,9200,6300,15500,9500,6500,16000,9800,6600,16400,10100,6700,16800,10400,6900,17300,10800,7000,17800,11100,7100,18200,11400,7300,18700,11700,7400,19100,12100,7500,19600,12400,7600,20000
,,,,,,,,,,,,,,,,,,,,,,,,,,,,,,,,,,,,,,,,,,,,,,,,,
,,,,,,,,,,,,,,,,,,,,,,,,,,,,,,,,,,,,,,,,,,,,,,,,,
 Nakasongola ,,95800,90300,186100,99000,92700,191700,102300,95200,197500,105600,97800,203400,109000,100300,209300,112400,102800,215200,115900,105400,221300,119400,107900,227300,122900,110500,233400,126400,113000,239400,129900,115500,245400,133300,118000,251300,136800,120400,257200,140200,122700,262900,143500,125000,268500,146700,127000,273700
,,,,,,,,,,,,,,,,,,,,,,,,,,,,,,,,,,,,,,,,,,,,,,,,,
, Kakooge ,11000,9900,20900,11400,10200,21600,11700,10500,22200,12100,10800,22900,12500,11000,23500,12900,11300,24200,13300,11600,24900,13700,11900,25600,14100,12100,26200,14500,12400,26900,14900,12700,27600,15300,13000,28300,15700,13200,28900,16100,13500,29600,16500,13700,30200,16800,14000,30800
, Kakooge Town Council ,4500,4600,9100,4700,4800,9500,4900,4900,9800,5000,5000,10000,5200,5200,10400,5300,5300,10600,5500,5400,10900,5700,5500,11200,5800,5700,11500,6000,5800,11800,6200,5900,12100,6300,6100,12400,6500,6200,12700,6600,6300,12900,6800,6400,13200,7000,6500,13500
, Kalongo ,10300,9700,20000,10600,9900,20500,11000,10200,21200,11300,10500,21800,11700,10700,22400,12000,11000,23000,12400,11300,23700,12800,11600,24400,13200,11800,25000,13500,12100,25600,13900,12400,26300,14300,12600,26900,14600,12900,27500,15000,13100,28100,15400,13400,28800,15700,13600,29300
, Kalungi ,12100,12200,24300,12500,12600,25100,12900,12900,25800,13300,13300,26600,13800,13600,27400,14200,13900,28100,14600,14300,28900,15100,14600,29700,15500,15000,30500,15900,15300,31200,16400,15700,32100,16800,16000,32800,17300,16300,33600,17700,16600,34300,18100,17000,35100,18500,17200,35700
, Lwabiyata ,8000,8000,16000,8300,8200,16500,8600,8400,17000,8800,8600,17400,9100,8800,17900,9400,9100,18500,9700,9300,19000,10000,9500,19500,10300,9700,20000,10600,10000,20600,10900,10200,21100,11100,10400,21500,11400,10600,22000,11700,10800,22500,12000,11000,23000,12300,11200,23500
, Lwampanga ,15900,14400,30300,16500,14700,31200,17100,15000,32100,17800,15500,33300,18200,16000,34200,18900,16400,35300,19400,16700,36100,19900,17100,37000,20600,17600,38200,21200,17900,39100,21800,18400,40200,22400,18800,41200,22900,19200,42100,23500,19500,43000,24000,19800,43800,24500,20300,44800
, Migeera Town Council  ,3100,2900,6000,3200,3000,6200,3300,3100,6400,3400,3200,6600,3500,3300,6800,3600,3300,6900,3700,3400,7100,3800,3500,7300,3900,3600,7500,4000,3700,7700,4100,3800,7900,4300,3800,8100,4400,3900,8300,4500,4000,8500,4600,4100,8700,4700,4100,8800
, Nabisweera ,9100,7800,16900,9400,8100,17500,9700,8300,18000,10000,8500,18500,10300,8700,19000,10600,8900,19500,11000,9200,20200,11300,9400,20700,11600,9600,21200,12000,9800,21800,12300,10000,22300,12600,10200,22800,13000,10500,23500,13300,10700,24000,13600,10900,24500,13900,11000,24900
, Nakasongola Town Council ,5300,4800,10100,5400,4900,10300,5600,5100,10700,5800,5200,11000,6000,5300,11300,6200,5500,11700,6400,5600,12000,6600,5700,12300,6800,5900,12700,7000,6000,13000,7100,6100,13200,7300,6300,13600,7500,6400,13900,7700,6500,14200,7900,6600,14500,8100,6700,14800
, Nakitoma ,6900,6800,13700,7100,6900,14000,7300,7100,14400,7600,7300,14900,7800,7500,15300,8100,7700,15800,8300,7900,16200,8600,8100,16700,8800,8300,17100,9100,8500,17600,9300,8600,17900,9600,8800,18400,9800,9000,18800,10100,9200,19300,10300,9400,19700,10500,9500,20000
, Wabinyonyi ,9600,9200,18800,9900,9400,19300,10200,9700,19900,10500,9900,20400,10900,10200,21100,11200,10400,21600,11600,10700,22300,11900,11000,22900,12300,11200,23500,12600,11500,24100,13000,11700,24700,13300,12000,25300,13700,12200,25900,14000,12500,26500,14300,12700,27000,14700,12900,27600
,,,,,,,,,,,,,,,,,,,,,,,,,,,,,,,,,,,,,,,,,,,,,,,,,
,,,,,,,,,,,,,,,,,,,,,,,,,,,,,,,,,,,,,,,,,,,,,,,,,
 Rakai  ,,138900,143100,282000,142600,146400,289000,146400,149700,296100,150300,153000,303300,154100,156400,310500,158000,159700,317700,161800,163000,324800,165600,166300,331900,169400,169500,338900,173100,172600,345700,176800,175700,352500,180400,178700,359100,183900,181600,365500,187300,184400,371700,190600,187100,377700,193500,189300,382800
,,,,,,,,,,,,,,,,,,,,,,,,,,,,,,,,,,,,,,,,,,,,,,,,,
,    Byakabanda ,9600,9500,19100,9900,9700,19600,10200,9900,20100,10400,10100,20500,10700,10400,21100,11000,10600,21600,11200,10800,22000,11500,11000,22500,11700,11200,22900,12000,11400,23400,12300,11600,23900,12500,11800,24300,12800,12000,24800,13000,12200,25200,13200,12400,25600,13400,12500,25900
,    Ddwaniro ,16400,17000,33400,16900,17400,34300,17300,17800,35100,17800,18200,36000,18200,18600,36800,18700,19000,37700,19100,19400,38500,19600,19800,39400,20000,20100,40100,20500,20500,41000,20900,20900,41800,21300,21200,42500,21800,21600,43400,22200,21900,44100,22600,22200,44800,22900,22500,45400
,    Kacheera ,11900,12400,24300,12200,12600,24800,12600,12900,25500,12900,13200,26100,13200,13500,26700,13600,13800,27400,13900,14100,28000,14200,14400,28600,14500,14600,29100,14800,14900,29700,15200,15200,30400,15500,15400,30900,15800,15700,31500,16100,15900,32000,16400,16200,32600,16600,16300,32900
,    Kagamba ,16800,17800,34600,17200,18200,35400,17700,18600,36300,18100,19000,37100,18600,19400,38000,19100,19800,38900,19500,20200,39700,20000,20700,40700,20500,21100,41600,20900,21400,42300,21300,21800,43100,21800,22200,44000,22200,22600,44800,22600,22900,45500,23000,23200,46200,23400,23500,46900
,    Kiziba ,10100,10700,20800,10400,10900,21300,10700,11200,21900,11000,11400,22400,11200,11700,22900,11500,11900,23400,11800,12200,24000,12100,12400,24500,12400,12700,25100,12600,12900,25500,12900,13100,26000,13200,13400,26600,13400,13600,27000,13700,13800,27500,13900,14000,27900,14100,14200,28300
,    Kyalulangira ,13800,14500,28300,14200,14800,29000,14600,15200,29800,15000,15500,30500,15400,15900,31300,15700,16200,31900,16100,16500,32600,16500,16900,33400,16900,17200,34100,17200,17500,34700,17600,17800,35400,18000,18100,36100,18300,18400,36700,18700,18700,37400,19000,19000,38000,19300,19200,38500
,    Lwamaggwa ,22200,22700,44900,22700,23400,46100,23100,23800,46900,23900,24400,48300,24500,24800,49300,25100,25300,50400,25800,25900,51700,26300,26400,52700,27000,27000,54000,27600,27500,55100,28100,28000,56100,28700,28500,57200,29200,28800,58000,29500,29400,58900,30300,29700,60000,30700,30100,60800
,    Lwanda ,14600,14700,29300,15000,15000,30000,15400,15300,30700,15800,15700,31500,16200,16000,32200,16600,16400,33000,17000,16700,33700,17400,17000,34400,17800,17400,35200,18200,17700,35900,18600,18000,36600,18900,18300,37200,19300,18600,37900,19700,18900,38600,20000,19200,39200,20300,19400,39700
,    Rakai Town Council ,3600,3900,7500,3700,4000,7700,3800,4100,7900,3900,4200,8100,4000,4300,8300,4100,4400,8500,4200,4400,8600,4300,4500,8800,4400,4600,9000,4500,4700,9200,4600,4800,9400,4700,4900,9600,4800,5000,9800,4900,5000,9900,5000,5100,10100,5100,5200,10300
,    Kibanda ,12500,12500,25000,12800,12800,25600,13200,13100,26300,13500,13400,26900,13900,13700,27600,14200,14000,28200,14600,14300,28900,14900,14600,29500,15200,14800,30000,15600,15100,30700,15900,15400,31300,16200,15600,31800,16500,15900,32400,16900,16100,33000,17100,16400,33500,17400,16600,34000
,    Kifamba ,7400,7400,14800,7600,7600,15200,7800,7800,15600,8000,7900,15900,8200,8100,16300,8400,8300,16700,8600,8500,17100,8800,8600,17400,9000,8800,17800,9200,9000,18200,9400,9100,18500,9600,9300,18900,9800,9400,19200,10000,9600,19600,10100,9700,19800,10300,9800,20100
,,,,,,,,,,,,,,,,,,,,,,,,,,,,,,,,,,,,,,,,,,,,,,,,,
,,,,,,,,,,,,,,,,,,,,,,,,,,,,,,,,,,,,,,,,,,,,,,,,,
 Kyotera ,,119900,122400,242300,122000,124100,246100,124200,125800,250000,126300,127400,253700,128300,129100,257400,130400,130600,261000,132400,132100,264500,134300,133600,267900,136100,135000,271100,137900,136300,274200,139600,137500,277100,141200,138600,279800,142600,139600,282200,143900,140500,284400,145100,141200,286300,146100,141600,287700
,,,,,,,,,,,,,,,,,,,,,,,,,,,,,,,,,,,,,,,,,,,,,,,,,
,    Kalisizo ,9000,9200,18200,9100,9400,18500,9300,9500,18800,9500,9600,19100,9600,9700,19300,9800,9800,19600,9900,10000,19900,10100,10100,20200,10200,10200,20400,10300,10300,20600,10400,10400,20800,10600,10400,21000,10700,10500,21200,10800,10600,21400,10900,10600,21500,10900,10700,21600
,    Kalisizo Town Council ,6400,7700,14100,6500,7800,14300,6700,7900,14600,6800,8000,14800,6900,8100,15000,7000,8200,15200,7100,8300,15400,7200,8400,15600,7300,8500,15800,7400,8600,16000,7500,8700,16200,7600,8700,16300,7600,8800,16400,7700,8900,16600,7800,8900,16700,7800,8900,16700
,    Kasasa ,8500,8800,17300,8700,8900,17600,8900,9000,17900,9000,9100,18100,9100,9200,18300,9300,9300,18600,9400,9400,18800,9600,9600,19200,9700,9700,19400,9800,9700,19500,9900,9800,19700,10100,9900,20000,10200,10000,20200,10300,10100,20400,10300,10100,20400,10400,10100,20500
,    Kirumba ,12400,12900,25300,12600,13100,25700,12800,13300,26100,13000,13400,26400,13200,13600,26800,13500,13800,27300,13700,13900,27600,13900,14100,28000,14100,14200,28300,14200,14400,28600,14400,14500,28900,14600,14600,29200,14700,14700,29400,14900,14800,29700,15000,14900,29900,15100,14900,30000
,    Kyebe ,9400,9100,18500,9600,9200,18800,9800,9400,19200,9900,9500,19400,10100,9600,19700,10300,9700,20000,10400,9800,20200,10600,9900,20500,10700,10000,20700,10900,10100,21000,11000,10200,21200,11100,10300,21400,11200,10400,21600,11300,10500,21800,11400,10500,21900,11500,10500,22000
,    Kyotera Town Council ,5800,7000,12800,5900,7100,13000,6100,7200,13300,6200,7300,13500,6300,7300,13600,6400,7400,13800,6500,7500,14000,6500,7600,14100,6600,7700,14300,6700,7800,14500,6800,7800,14600,6900,7900,14800,7000,7900,14900,7000,8000,15000,7100,8000,15100,7100,8100,15200
,    Lwankoni ,7500,7600,15100,7600,7700,15300,7800,7800,15600,7900,7900,15800,8000,8000,16000,8100,8100,16200,8300,8200,16500,8400,8300,16700,8500,8300,16800,8600,8400,17000,8700,8500,17200,8800,8600,17400,8900,8600,17500,9000,8700,17700,9100,8700,17800,9100,8800,17900
,    Nabigasa ,10300,10600,20900,10500,10800,21300,10600,10900,21500,10800,11100,21900,11000,11200,22200,11200,11300,22500,11300,11500,22800,11500,11600,23100,11700,11700,23400,11800,11800,23600,12000,11900,23900,12100,12000,24100,12200,12100,24300,12300,12200,24500,12400,12300,24700,12500,12300,24800
,    Kabira ,15900,15300,31200,16200,15500,31700,16500,15700,32200,16700,15900,32600,17000,16100,33100,17300,16300,33600,17500,16500,34000,17800,16700,34500,18000,16800,34800,18300,17000,35300,18500,17100,35600,18700,17300,36000,18900,17400,36300,19100,17500,36600,19200,17600,36800,19400,17700,37100
, Kasaali Town Council ,13400,13500,26900,13600,13700,27300,13900,13800,27700,14100,14000,28100,14300,14200,28500,14600,14400,29000,14800,14500,29300,15000,14700,29700,15200,14800,30000,15400,15000,30400,15600,15100,30700,15800,15200,31000,16000,15400,31400,16000,15400,31400,16200,15600,31800,16400,15600,32000
,    Kakuuto ,20100,19500,39600,20500,19700,40200,20500,20100,40600,21100,20400,41500,21500,20900,42400,21600,21100,42700,22200,21200,43400,22300,21300,43600,22700,21800,44500,23100,21900,45000,23400,22200,45600,23500,22400,45900,23800,22500,46300,24000,22500,46500,24200,22700,46900,24400,22700,47100
,    Nangoma ,1200,1200,2400,1200,1200,2400,1300,1200,2500,1300,1200,2500,1300,1200,2500,1300,1200,2500,1300,1300,2600,1400,1300,2700,1400,1300,2700,1400,1300,2700,1400,1300,2700,1400,1300,2700,1400,1300,2700,1500,1300,2800,1500,1300,2800,1500,1300,2800
,,,,,,,,,,,,,,,,,,,,,,,,,,,,,,,,,,,,,,,,,,,,,,,,,
,,,,,,,,,,,,,,,,,,,,,,,,,,,,,,,,,,,,,,,,,,,,,,,,,
 Ssembabule ,,129100,129100,258200,133000,132500,265500,137000,136100,273100,141100,139600,280700,145200,143200,288400,149300,146800,296100,153500,150400,303900,157700,154000,311700,161800,157500,319300,165900,161100,327000,170000,164600,334600,174100,168000,342100,178100,171400,349500,182000,174700,356700,185800,177900,363700,189300,180700,370000
,,,,,,,,,,,,,,,,,,,,,,,,,,,,,,,,,,,,,,,,,,,,,,,,,
,    Lugusulu ,16600,15400,32000,17100,15800,32900,17600,16200,33800,18100,16700,34800,18600,17100,35700,19100,17500,36600,19700,17900,37600,20200,18400,38600,20700,18800,39500,21300,19200,40500,21800,19600,41400,22300,20000,42300,22800,20400,43200,23300,20800,44100,23800,21200,45000,24300,21600,45900
,    Lwebitakuli ,30900,32000,62900,32100,33000,65100,32900,33900,66800,33900,34600,68500,34900,35500,70400,35900,36500,72400,36900,37400,74300,37900,38300,76200,39000,39100,78100,39900,39900,79800,41000,40900,81900,42000,41800,83800,43000,42700,85700,43800,43500,87300,44800,44100,88900,45400,44800,90200
,    Lwemiyaga ,18900,18600,37500,19400,19100,38500,20000,19600,39600,20600,20200,40800,21200,20700,41900,21800,21200,43000,22400,21700,44100,23000,22200,45200,23600,22700,46300,24200,23300,47500,24800,23800,48600,25400,24300,49700,26000,24700,50700,26600,25200,51800,27100,25700,52800,27700,26100,53800
,    Mateete ,26300,27000,53300,27000,27700,54700,27900,28400,56300,28700,29200,57900,29500,29900,59400,30400,30700,61100,31200,31400,62600,32100,32200,64300,32900,32900,65800,33700,33700,67400,34600,34400,69000,35400,35100,70500,36200,35800,72000,37000,36500,73500,37800,37200,75000,38500,37800,76300
,    Mateete Town Council ,5000,5600,10600,5100,5700,10800,5300,5900,11200,5400,6000,11400,5600,6200,11800,5700,6300,12000,5900,6500,12400,6100,6600,12700,6200,6800,13000,6400,7000,13400,6500,7100,13600,6700,7200,13900,6800,7400,14200,7000,7500,14500,7100,7700,14800,7300,7800,15100
,    Mijwala ,15200,15400,30600,15700,15800,31500,16200,16200,32400,16600,16600,33200,17100,17100,34200,17600,17500,35100,18100,17900,36000,18600,18300,36900,19100,18800,37900,19600,19200,38800,20000,19600,39600,20500,20000,40500,21000,20400,41400,21500,20800,42300,21900,21200,43100,22300,21500,43800
,    Ntuusi ,12900,11600,24500,13200,11900,25100,13600,12300,25900,14100,12600,26700,14500,12900,27400,14900,13200,28100,15300,13600,28900,15700,13900,29600,16100,14200,30300,16500,14500,31000,16900,14800,31700,17300,15100,32400,17700,15400,33100,18100,15700,33800,18500,16000,34500,18900,16300,35200
,    Sembabule Town Council ,3300,3500,6800,3400,3500,6900,3500,3600,7100,3700,3700,7400,3800,3800,7600,3900,3900,7800,4000,4000,8000,4100,4100,8200,4200,4200,8400,4300,4300,8600,4400,4400,8800,4500,4500,9000,4600,4600,9200,4700,4700,9400,4800,4800,9600,4900,4800,9700
,,,,,,,,,,,,,,,,,,,,,,,,,,,,,,,,,,,,,,,,,,,,,,,,,
,,,,,,,,,,,,,,,,,,,,,,,,,,,,,,,,,,,,,,,,,,,,,,,,,
 Kampala City Authority ,,723700,805700,1529400,738200,821500,1559700,752700,837400,1590100,767300,853300,1620600,781700,869100,1650800,795900,884700,1680600,809900,900000,1709900,823500,915100,1738600,836700,929800,1766500,849500,944100,1793600,861800,957900,1819700,873400,971100,1844500,884400,983700,1868100,894700,995600,1890300,904300,1006700,1911000,912100,1015300,1927400
,,,,,,,,,,,,,,,,,,,,,,,,,,,,,,,,,,,,,,,,,,,,,,,,,
,Kampala Central  ,38000,38300,76300,38800,39000,77800,39500,39800,79300,40300,40500,80800,41100,41300,82400,41800,42000,83800,42500,42800,85300,43300,43500,86800,43900,44200,88100,44600,44800,89400,45300,45500,90800,45900,46100,92000,46400,46700,93100,47000,47300,94300,47500,47800,95300,47900,48200,96100
, Kawempe Division ,161200,182500,343700,164400,186100,350500,167700,189700,357400,170900,193300,364200,174100,196800,370900,177300,200400,377700,180400,203800,384200,183400,207300,390700,186400,210600,397000,189200,213800,403000,192000,216900,408900,194600,219900,414500,197000,222800,419800,199300,225500,424800,201400,228000,429400,203200,229900,433100
, Lubaga Division ,179500,209400,388900,183100,213500,396600,186700,217700,404400,190300,221800,412100,193900,225900,419800,197400,229900,427300,200900,233900,434800,204200,237800,442000,207500,241700,449200,210700,245400,456100,213700,249000,462700,216600,252400,469000,219300,255700,475000,221900,258800,480700,224300,261700,486000,226200,263900,490100
, Makindye Division ,189200,209600,398800,193000,213700,406700,196800,217700,414500,200600,222000,422600,204300,226100,430400,208100,230200,438300,211800,234100,445900,215300,238000,453300,218800,241800,460600,222100,245700,467800,225300,249200,474500,228300,252700,481000,231300,255900,487200,233900,259000,492900,236400,261900,498300,238500,264200,502700
, Nakawa Division ,155800,165900,321700,158900,169200,328100,162000,172500,334500,165200,175700,340900,168300,179000,347300,171300,182200,353500,174300,185400,359700,177300,188500,365800,180100,191500,371600,182900,194400,377300,185500,197300,382800,188000,200000,388000,190400,202600,393000,192600,205000,397600,194700,207300,402000,196300,209100,405400
,,,,,,,,,,,,,,,,,,,,,,,,,,,,,,,,,,,,,,,,,,,,,,,,,
,,,,,,,,,,,,,,,,,,,,,,,,,,,,,,,,,,,,,,,,,,,,,,,,,
 Mubende ,,216800,213400,430200,228600,224400,453000,241000,235900,476900,254000,247900,501900,267400,260400,527800,281500,273300,554800,296100,286800,582900,311200,300700,611900,326800,315000,641800,343000,329900,672900,359700,345100,704800,376800,360800,737600,394400,376900,771300,412500,393400,805900,430900,410200,841100,449300,426600,875900
,,,,,,,,,,,,,,,,,,,,,,,,,,,,,,,,,,,,,,,,,,,,,,,,,
,    Butoloogo ,23800,22400,46200,25100,23600,48700,26500,24800,51300,27900,26100,54000,29400,27400,56800,30900,28700,59600,32500,30200,62700,34200,31600,65800,35900,33100,69000,37700,34700,72400,39500,36300,75800,41400,37900,79300,43300,39600,82900,45300,41400,86700,47300,43100,90400,49300,44900,94200
,    Kitenga ,33000,31300,64300,34600,32800,67400,36500,34600,71100,38500,36100,74600,40400,37900,78300,42500,40000,82500,44800,41800,86600,47100,44000,91100,49500,46100,95600,52100,48300,100400,54400,50300,104700,56900,52800,109700,59800,55200,115000,62700,57400,120100,65200,60100,125300,68100,62400,130500
,    Kiyuni ,8800,8700,17500,9300,9200,18500,9800,9700,19500,10400,10200,20600,10900,10700,21600,11500,11200,22700,12100,11800,23900,12700,12300,25000,13300,12900,26200,14000,13500,27500,14700,14100,28800,15400,14800,30200,16100,15400,31500,16800,16100,32900,17600,16800,34400,18300,17500,35800
,    Madudu ,19500,18900,38400,20600,19900,40500,21700,20900,42600,22900,22000,44900,24100,23100,47200,25300,24200,49500,26700,25400,52100,28000,26700,54700,29400,27900,57300,30900,29300,60200,32400,30600,63000,33900,32000,65900,35500,33400,68900,37100,34900,72000,38800,36400,75200,40500,37800,78300
,    Bagezza ,6000,6200,12200,6300,6500,12800,6700,6800,13500,7000,7200,14200,7400,7500,14900,7800,7900,15700,8200,8300,16500,8600,8700,17300,9100,9100,18200,9500,9500,19000,10000,10000,20000,10500,10400,20900,10900,10900,21800,11400,11300,22700,12000,11800,23800,12500,12300,24800
,    Kasambya ,14600,13100,27700,15400,13700,29100,16300,14400,30700,17100,15200,32300,18000,15900,33900,19000,16700,35700,20000,17500,37500,21000,18400,39400,22000,19300,41300,23100,20200,43300,24300,21100,45400,25400,22100,47500,26600,23100,49700,27800,24100,51900,29100,25100,54200,30300,26100,56400
,    Kibalinga ,18700,19000,37700,19700,20000,39700,20800,21000,41800,21900,22100,44000,23000,23200,46200,24300,24400,48700,25500,25600,51100,26800,26800,53600,28200,28100,56300,29500,29400,58900,31000,30800,61800,32500,32200,64700,34000,33600,67600,35500,35100,70600,37100,36600,73700,38700,38000,76700
,    Kigando ,21200,21000,42200,22400,22100,44500,23600,23200,46800,24900,24400,49300,26200,25700,51900,27600,26900,54500,29000,28300,57300,30500,29600,60100,32000,31000,63000,33600,32500,66100,35200,34000,69200,36900,35500,72400,38600,37100,75700,40400,38800,79200,42200,40400,82600,44000,42000,86000
,    Nabingoola ,18500,19200,37700,19500,20200,39700,20500,21200,41700,21600,22300,43900,22800,23500,46300,24000,24600,48600,25200,25800,51000,26500,27100,53600,27800,28400,56200,29200,29700,58900,30600,31100,61700,32100,32500,64600,33600,33900,67500,35100,35400,70500,36700,36900,73600,38200,38400,76600
, Kasambya Town Council ,5800,6300,12100,6200,6600,12800,6500,7000,13500,6800,7300,14100,7200,7700,14900,7600,8100,15700,8000,8500,16500,8400,8900,17300,8800,9300,18100,9200,9700,18900,9700,10200,19900,10200,10700,20900,10600,11100,21700,11100,11600,22700,11600,12100,23700,12100,12600,24700
, Mubende Municipality  , -   , -   , -   , -   , -   , -   , -   , -   , -   , -   , -   , -   , -   , -   , -   , -   , -   , -   , -   , -   , -   , -   , -   , -   , -   , -   , -   , -   , -   , -   , -   , -   , -   , -   , -   , -   , -   , -   , -   , -   , -   , -   , -   , -   , -   , -   , -   , -   
,    Eastern Division ,14200,14600,28800,15000,15400,30400,15800,16200,32000,16700,17000,33700,17600,17900,35500,18500,18700,37200,19400,19700,39100,20400,20600,41000,21500,21600,43100,22500,22600,45100,23600,23700,47300,24700,24700,49400,25900,25900,51800,27100,27000,54100,28300,28100,56400,29500,29300,58800
,    Western Division ,15300,14500,29800,16100,15300,31400,17000,16000,33000,17900,16900,34800,18900,17700,36600,19900,18600,38500,20900,19500,40400,22000,20400,42400,23100,21400,44500,24200,22400,46600,25400,23500,48900,26600,24500,51100,27800,25600,53400,29100,26800,55900,30400,27900,58300,31700,29000,60700
,    Southern Division ,17400,18200,35600,18400,19100,37500,19300,20100,39400,20400,21100,41500,21500,22200,43700,22600,23300,45900,23800,24400,48200,25000,25600,50600,26200,26800,53000,27500,28100,55600,28900,29400,58300,30300,30700,61000,31700,32100,63800,33100,33500,66600,34600,34900,69500,36100,36300,72400
,,,,,,,,,,,,,,,,,,,,,,,,,,,,,,,,,,,,,,,,,,,,,,,,,
,,,,,,,,,,,,,,,,,,,,,,,,,,,,,,,,,,,,,,,,,,,,,,,,,
 Kassanda ,,142100,134700,276800,146200,137700,283900,150400,140600,291000,154600,143600,298200,158900,146500,305400,163200,149500,312700,167500,152400,319900,171800,155200,327000,176000,158100,334100,180300,160800,341100,184500,163500,348000,188600,166100,354700,192600,168600,361200,196600,171000,367600,200400,173200,373600,203900,175100,379000
,,,,,,,,,,,,,,,,,,,,,,,,,,,,,,,,,,,,,,,,,,,,,,,,,
,    Bukuya ,15900,15800,31700,16300,16200,32500,16800,16500,33300,17300,16900,34200,17800,17200,35000,18200,17600,35800,18700,17900,36600,19200,18200,37400,19700,18600,38300,20200,18900,39100,20600,19200,39800,21100,19500,40600,21500,19800,41300,22000,20100,42100,22400,20300,42700,22800,20600,43400
,    Kalwana ,17200,16600,33800,17700,17000,34700,18200,17300,35500,18700,17700,36400,19200,18000,37200,19700,18400,38100,20300,18800,39100,20800,19100,39900,21300,19500,40800,21800,19800,41600,22300,20100,42400,22800,20500,43300,23300,20800,44100,23800,21100,44900,24300,21300,45600,24700,21600,46300
,    Kassanda ,14900,14700,29600,15400,15000,30400,15800,15300,31100,16200,15600,31800,16700,16000,32700,17100,16300,33400,17600,16600,34200,18100,16900,35000,18500,17200,35700,18900,17500,36400,19400,17800,37200,19800,18100,37900,20200,18400,38600,20700,18600,39300,21100,18900,40000,21400,19100,40500
,    Kiganda ,19800,19200,39000,20400,19600,40000,21000,20000,41000,21500,20400,41900,22100,20800,42900,22700,21300,44000,23300,21700,45000,23900,22100,46000,24500,22500,47000,25100,22900,48000,25700,23300,49000,26300,23600,49900,26800,24000,50800,27400,24300,51700,27900,24600,52500,28400,24900,53300
,    Kitumbi ,31900,27900,59800,32900,28500,61400,33800,29300,63100,34700,29800,64500,35700,30500,66200,36800,31000,67800,37600,31500,69100,38400,32300,70700,39500,32900,72400,40600,33500,74100,41500,33900,75400,42300,34500,76800,43300,35000,78300,44000,35500,79500,44900,36100,81000,45700,36300,82000
,    Makokoto ,4100,4000,8100,4200,4100,8300,4300,4200,8500,4500,4300,8800,4600,4400,9000,4700,4500,9200,4800,4600,9400,5000,4600,9600,5100,4700,9800,5200,4800,10000,5300,4900,10200,5500,5000,10500,5600,5000,10600,5700,5100,10800,5800,5200,11000,5900,5200,11100
,    Manyogaseka ,6500,5500,12000,6700,5600,12300,6900,5700,12600,7100,5800,12900,7300,5900,13200,7500,6100,13600,7700,6200,13900,7900,6300,14200,8000,6400,14400,8200,6500,14700,8400,6600,15000,8600,6700,15300,8800,6800,15600,9000,6900,15900,9200,7000,16200,9300,7100,16400
,    Myanzi ,11100,10800,21900,11400,11000,22400,11800,11200,23000,12100,11500,23600,12400,11700,24100,12800,11900,24700,13100,12200,25300,13500,12400,25900,13800,12600,26400,14100,12800,26900,14400,13100,27500,14800,13300,28100,15100,13500,28600,15400,13700,29100,15700,13800,29500,16000,14000,30000
,    Nalutuntu ,13100,12700,25800,13400,13000,26400,13800,13300,27100,14200,13600,27800,14600,13800,28400,15000,14100,29100,15400,14400,29800,15800,14700,30500,16200,14900,31100,16600,15200,31800,17000,15500,32500,17300,15700,33000,17700,15900,33600,18100,16200,34300,18400,16400,34800,18800,16600,35400
, Kassanda Town council ,7600,7500,15100,7800,7700,15500,8000,7800,15800,8300,8000,16300,8500,8200,16700,8700,8300,17000,9000,8500,17500,9200,8600,17800,9400,8800,18200,9600,8900,18500,9900,9100,19000,10100,9200,19300,10300,9400,19700,10500,9500,20000,10700,9600,20300,10900,9700,20600
,,,,,,,,,,,,,,,,,,,,,,,,,,,,,,,,,,,,,,,,,,,,,,,,,
,,,,,,,,,,,,,,,,,,,,,,,,,,,,,,,,,,,,,,,,,,,,,,,,,
 Wakiso ,,1001400,1106100,2107500,1068400,1181600,2250000,1140100,1262700,2402800,1215700,1348100,2563800,1296500,1438600,2735100,1381000,1534200,2915200,1469700,1636000,3105700,1564000,1744000,3308000,1663200,1856100,3519300,1766700,1974300,3741000,1875400,2099900,3975300,1989000,2230200,4219200,2107600,2367800,4475400,2231000,2512000,4743000,2359600,2661700,5021300,2490200,2812300,5302500
,,,,,,,,,,,,,,,,,,,,,,,,,,,,,,,,,,,,,,,,,,,,,,,,,
,    Bussi ,9000,7700,16700,9600,8200,17800,10300,8800,19100,11000,9400,20400,11700,10000,21700,12400,10600,23000,13200,11400,24600,14100,12100,26200,15000,12900,27900,15900,13700,29600,16900,14600,31500,17900,15500,33400,19000,16400,35400,20100,17400,37500,21300,18500,39800,22400,19500,41900
,    Kakiri ,21000,20300,41300,22400,21600,44000,24000,23100,47100,25500,24700,50200,27200,26300,53500,29000,28100,57100,30900,30000,60900,32900,31900,64800,34900,34000,68900,37100,36200,73300,39400,38500,77900,41800,40800,82600,44300,43400,87700,46900,46000,92900,49600,48700,98300,52300,51500,103800
,    Kakiri Town Council ,9900,10400,20300,10600,11100,21700,11300,11900,23200,12000,12700,24700,12800,13500,26300,13700,14400,28100,14600,15400,30000,15500,16400,31900,16500,17500,34000,17500,18600,36100,18600,19700,38300,19700,21000,40700,20900,22300,43200,22100,23600,45700,23400,25000,48400,24700,26400,51100
,    Kasanje  ,15400,15200,30600,16400,16200,32600,17500,17400,34900,18700,18500,37200,19900,19800,39700,21200,21100,42300,22600,22500,45100,24100,24000,48100,25600,25500,51100,27200,27100,54300,28800,28900,57700,30600,30700,61300,32400,32500,64900,34300,34500,68800,36300,36600,72900,38300,38700,77000
,    Katabi Town Council ,52300,59200,111500,55800,63200,119000,59600,67600,127200,63500,72100,135600,67700,77000,144700,72200,82100,154300,76800,87500,164300,81700,93300,175000,86900,99300,186200,92300,105600,197900,98000,112300,210300,103900,119300,223200,110100,126700,236800,116600,134400,251000,123300,142400,265700,130100,150500,280600
,    Masuliita ,5800,5500,11300,6200,5800,12000,6700,6200,12900,7100,6600,13700,7600,7100,14700,8100,7600,15700,8600,8100,16700,9100,8600,17700,9700,9200,18900,10300,9700,20000,11000,10400,21400,11600,11000,22600,12300,11700,24000,13000,12400,25400,13800,13100,26900,14500,13900,28400
,    Masulita Town Council ,7800,7600,15400,8300,8200,16500,8800,8700,17500,9400,9300,18700,10000,9900,19900,10700,10600,21300,11400,11300,22700,12100,12000,24100,12900,12800,25700,13700,13600,27300,14500,14500,29000,15400,15400,30800,16300,16300,32600,17300,17300,34600,18300,18400,36700,19300,19400,38700
,    Mende ,13800,14000,27800,14700,15000,29700,15700,16000,31700,16700,17100,33800,17800,18200,36000,19000,19400,38400,20200,20700,40900,21500,22100,43600,22900,23500,46400,24300,25000,49300,25800,26600,52400,27400,28200,55600,29000,30000,59000,30700,31800,62500,32500,33700,66200,34200,35600,69800
,    Namayumba ,10400,8800,19200,11100,9400,20500,11800,10100,21900,12600,10700,23300,13400,11500,24900,14300,12200,26500,15200,13000,28200,16200,13900,30100,17200,14800,32000,18300,15700,34000,19400,16700,36100,20600,17800,38400,21800,18900,40700,23100,20000,43100,24400,21200,45600,25800,22400,48200
, Kyengera Town Council ,97400,108700,206100,104300,116300,220600,111100,124300,235400,118400,132900,251300,126200,141800,268000,134400,151000,285400,143200,160900,304100,152100,171600,323700,162000,182400,344400,172100,194400,366500,182600,206800,389400,193800,219300,413100,205200,233100,438300,217100,247000,464100,229600,261900,491500,242300,276600,518900
, Kajansi Town Council ,47500,50500,98000,50700,53900,104600,54100,57600,111700,57700,61500,119200,61600,65700,127300,65600,70000,135600,69800,74700,144500,74300,79600,153900,79000,84700,163700,83900,90100,174000,89000,95800,184800,94400,101800,196200,100100,108100,208200,105900,114700,220600,112000,121500,233500,118200,128400,246600
, Kasangati Town Council ,70900,79300,150200,75700,84700,160400,80700,90500,171200,86100,96600,182700,91800,103100,194900,97800,110000,207800,104100,117300,221400,110800,125000,235800,117800,133000,250800,125100,141500,266600,132800,150500,283300,140900,159900,300800,149300,169700,319000,158000,180100,338100,167100,190800,357900,176400,201600,378000
,    Wakiso ,87900,98700,186600,93700,105400,199100,100000,112600,212600,106700,120200,226900,113800,128300,242100,121200,136800,258000,128900,145900,274800,137200,155600,292800,145900,165600,311500,155000,176100,331100,164500,187300,351800,174500,198900,373400,184900,211200,396100,195700,224100,419800,207000,237400,444400,218500,250900,469400
,    Wakiso Town Council ,29900,33600,63500,31900,35900,67800,34100,38300,72400,36400,40900,77300,38800,43700,82500,41300,46600,87900,43900,49700,93600,46800,52900,99700,49700,56400,106100,52800,59900,112700,56100,63800,119900,59500,67700,127200,63000,71900,134900,66700,76300,143000,70600,80800,151400,74500,85400,159900
,    Namayumba Town Council ,8000,8000,16000,8500,8600,17100,9100,9100,18200,9700,9800,19500,10300,10400,20700,11000,11100,22100,11700,11800,23500,12400,12600,25000,13200,13400,26600,14100,14300,28400,14900,15200,30100,15800,16100,31900,16800,17100,33900,17800,18200,36000,18800,19300,38100,19800,20400,40200
, Entebbe Municipality , -   , -   , -   , -   , -   , -   , -   , -   , -   , -   , -   , -   , -   , -   , -   , -   , -   , -   , -   , -   , -   , -   , -   , -   , -   , -   , -   , -   , -   , -   , -   , -   , -   , -   , -   , -   , -   , -   , -   , -   , -   , -   , -   , -   , -   , -   , -   , -   
,    Division A ,20100,21600,41700,21400,23100,44500,22800,24700,47500,24400,26300,50700,26000,28100,54100,27700,30000,57700,29400,32000,61400,31300,34100,65400,33300,36200,69500,35400,38600,74000,37600,41000,78600,39800,43600,83400,42200,46200,88400,44700,49100,93800,47300,52000,99300,49900,54900,104800
,    Division B ,15500,16900,32400,16500,18100,34600,17600,19300,36900,18800,20600,39400,20100,22000,42100,21400,23500,44900,22700,25000,47700,24200,26700,50900,25700,28400,54100,27300,30200,57500,29000,32100,61100,30800,34100,64900,32600,36200,68800,34500,38500,73000,36500,40700,77200,38500,43100,81600
, Kira Municipality , -   , -   , -   , -   , -   , -   , -   , -   , -   , -   , -   , -   , -   , -   , -   , -   , -   , -   , -   , -   , -   , -   , -   , -   , -   , -   , -   , -   , -   , -   , -   , -   , -   , -   , -   , -   , -   , -   , -   , -   , -   , -   , -   , -   , -   , -   , -   , -   
,    Bweyogerere Division ,53000,59700,112700,56500,63800,120300,60300,68200,128500,64300,72800,137100,68600,77700,146300,73100,82900,156000,77800,88400,166200,82800,94200,177000,88000,100300,188300,93500,106600,200100,99200,113400,212600,105200,120500,225700,111500,127900,239400,118000,135700,253700,124900,143800,268700,131800,151900,283700
,    Kira Division ,30700,33200,63900,32700,35400,68100,34900,37800,72700,37200,40400,77600,39700,43100,82800,42300,46000,88300,45000,49000,94000,47900,52300,100200,51000,55600,106600,54100,59200,113300,57500,62900,120400,60900,66800,127700,64600,71000,135600,68400,75300,143700,72300,79800,152100,76300,84300,160600
,    Namugongo Division ,73500,84600,158100,78400,90400,168800,83700,96600,180300,89200,103100,192300,95100,110000,205100,101300,117300,218600,107800,125100,232900,114800,133400,248200,122000,142000,264000,129600,151000,280600,137600,160600,298200,145900,170600,316500,154600,181100,335700,163700,192100,355800,173100,203600,376700,182700,215100,397800
, MakindyeSsabagabo Municipality , -   , -   , -   , -   , -   , -   , -   , -   , -   , -   , -   , -   , -   , -   , -   , -   , -   , -   , -   , -   , -   , -   , -   , -   , -   , -   , -   , -   , -   , -   , -   , -   , -   , -   , -   , -   , -   , -   , -   , -   , -   , -   , -   , -   , -   , -   , -   , -   
,    Bunamwaya Division ,35600,40900,76500,38000,43700,81700,40500,46700,87200,43200,49900,93100,46100,53200,99300,49100,56800,105900,52200,60500,112700,55600,64500,120100,59100,68700,127800,62800,73100,135900,66700,77700,144400,70700,82500,153200,74900,87600,162500,79300,93000,172300,83900,98500,182400,88500,104100,192600
,    Masajja Division ,57800,65900,123700,61700,70400,132100,65800,75200,141000,70200,80300,150500,74900,85700,160600,79700,91400,171100,84900,97500,182400,90300,103900,194200,96000,110600,206600,102000,117600,219600,108300,125100,233400,114800,132900,247700,121700,141000,262700,128800,149600,278400,136200,158600,294800,143800,167500,311300
,    Ndejje Division ,46600,52100,98700,49700,55600,105300,53000,59400,112400,56500,63500,120000,60300,67700,128000,64200,72200,136400,68400,77000,145400,72700,82100,154800,77300,87400,164700,82200,92900,175100,87200,98900,186100,92500,105000,197500,98000,111500,209500,103800,118300,222100,109700,125300,235000,115800,132400,248200
, Nansana Municipality , -   , -   , -   , -   , -   , -   , -   , -   , -   , -   , -   , -   , -   , -   , -   , -   , -   , -   , -   , -   , -   , -   , -   , -   , -   , -   , -   , -   , -   , -   , -   , -   , -   , -   , -   , -   , -   , -   , -   , -   , -   , -   , -   , -   , -   , -   , -   , -   
,    Busukuma Division ,20100,19700,39800,21400,21100,42500,22900,22500,45400,24400,24000,48400,26000,25600,51600,27700,27300,55000,29500,29200,58700,31400,31100,62500,33400,33100,66500,35400,35200,70600,37600,37400,75000,39900,39800,79700,42300,42200,84500,44800,44800,89600,47300,47400,94700,50000,50100,100100
,    Gombe Division ,39500,41400,80900,42100,44200,86300,44900,47300,92200,47900,50400,98300,51100,53800,104900,54400,57400,111800,57900,61200,119100,61600,65300,126900,65600,69500,135100,69600,73900,143500,73900,78600,152500,78400,83500,161900,83100,88600,171700,87900,94000,181900,93000,99600,192600,98200,105200,203400
,    Nabweru Division ,52400,59700,112100,55900,63800,119700,59700,68200,127900,63600,72800,136400,67900,77600,145500,72300,82800,155100,76900,88300,165200,81900,94100,176000,87100,100200,187300,92500,106600,199100,98200,113300,211500,104100,120400,224500,110300,127800,238100,116800,135600,252400,123500,143700,267200,130400,151800,282200
,    Nansana Division ,69600,82900,152500,74200,88500,162700,79200,94600,173800,84500,101000,185500,90100,107800,197900,95900,115000,210900,102100,122600,224700,108700,130700,239400,115500,139100,254600,122700,147900,270600,130300,157300,287600,138200,167100,305300,146400,177400,323800,155000,188200,343200,163900,199400,363300,173000,210700,383700
,,,,,,,,,,,,,,,,,,,,,,,,,,,,,,,,,,,,,,,,,,,,,,,,,
,,,,,,,,,,,,,,,,,,,,,,,,,,,,,,,,,,,,,,,,,,,,,,,,,
 Mityana ,,168200,165100,333300,171500,167700,339200,174800,170400,345200,178100,173000,351100,181300,175500,356800,184500,178000,362500,187700,180500,368200,190800,182800,373600,193700,185100,378800,196600,187300,383900,199300,189300,388600,201900,191200,393100,204400,193000,397400,206700,194600,401300,208800,196100,404900,210500,197100,407600
,,,,,,,,,,,,,,,,,,,,,,,,,,,,,,,,,,,,,,,,,,,,,,,,,
, Mityana Municipality ,,,,,,,,,,,,,,,,,,,,,,,,,,,,,,,,,,,,,,,,,,,,,,,,
, Busimbi Division ,20800,22500,43300,21200,22900,44100,21600,23200,44800,22000,23600,45600,22400,23900,46300,22800,24300,47100,23200,24600,47800,23600,24900,48500,23900,25300,49200,24300,25600,49900,24600,25800,50400,24900,26100,51000,25200,26300,51500,25500,26500,52000,25800,26800,52600,26000,26900,52900
, Central Division ,11000,11800,22800,11200,12000,23200,11400,12200,23600,11600,12400,24000,11800,12600,24400,12000,12800,24800,12200,13000,25200,12400,13100,25500,12600,13300,25900,12800,13400,26200,13000,13600,26600,13200,13700,26900,13300,13900,27200,13500,14000,27500,13600,14100,27700,13700,14100,27800
, Ttamu Division ,15000,15600,30600,15300,15800,31100,15600,16100,31700,15900,16300,32200,16200,16500,32700,16500,16800,33300,16800,17000,33800,17000,17200,34200,17300,17400,34700,17600,17700,35300,17800,17800,35600,18000,18000,36000,18200,18200,36400,18500,18300,36800,18600,18500,37100,18800,18600,37400
, Bbanda Sub County ,7100,6700,13800,7300,6800,14100,7400,6900,14300,7500,7000,14500,7700,7100,14800,7800,7200,15000,7900,7300,15200,8100,7400,15500,8200,7500,15700,8300,7500,15800,8400,7600,16000,8600,7700,16300,8700,7800,16500,8800,7800,16600,8800,7900,16700,8900,7900,16800
, Bulera Sub County ,15800,14600,30400,16100,14800,30900,16400,15100,31500,16700,15300,32000,17000,15500,32500,17300,15700,33000,17700,16000,33700,17900,16200,34100,18200,16400,34600,18500,16600,35100,18700,16700,35400,19000,16900,35900,19200,17100,36300,19400,17200,36600,19600,17300,36900,19800,17400,37200
, Busunju Town Council ,3400,3800,7200,3500,3900,7400,3500,3900,7400,3600,4000,7600,3700,4100,7800,3700,4100,7800,3800,4200,8000,3900,4200,8100,3900,4300,8200,4000,4300,8300,4000,4400,8400,4100,4400,8500,4100,4500,8600,4200,4500,8700,4200,4500,8700,4300,4600,8900
, Butayunja Sub County ,5700,5400,11100,5800,5400,11200,5900,5500,11400,6000,5600,11600,6100,5700,11800,6200,5800,12000,6300,5900,12200,6400,5900,12300,6500,6000,12500,6600,6100,12700,6700,6200,12900,6800,6200,13000,6900,6300,13200,7000,6300,13300,7000,6400,13400,7100,6400,13500
, Kakindu Sub County ,9700,9000,18700,9800,9200,19000,10000,9300,19300,10200,9400,19600,10400,9600,20000,10600,9700,20300,10800,9900,20700,10900,10000,20900,11100,10100,21200,11300,10200,21500,11400,10300,21700,11600,10400,22000,11700,10500,22200,11900,10600,22500,12000,10700,22700,12100,10800,22900
, Kalangaalo Sub County ,15900,15200,31100,16200,15400,31600,16500,15600,32100,16800,15900,32700,17100,16100,33200,17400,16300,33700,17700,16600,34300,18000,16800,34800,18300,17000,35300,18600,17200,35800,18800,17400,36200,19100,17500,36600,19300,17700,37000,19500,17900,37400,19700,18000,37700,19900,18100,38000
, Kikandwa Sub County ,15500,14600,30100,15800,14800,30600,16100,15000,31100,16400,15300,31700,16700,15500,32200,17000,15700,32700,17300,15900,33200,17600,16100,33700,17900,16300,34200,18100,16500,34600,18400,16700,35100,18600,16900,35500,18800,17000,35800,19100,17200,36300,19300,17300,36600,19400,17400,36800
, Maanyi Sub County ,11200,10300,21500,11500,10500,22000,11700,10700,22400,11900,10800,22700,12100,11000,23100,12300,11100,23400,12500,11300,23800,12700,11400,24100,12900,11600,24500,13100,11700,24800,13300,11900,25200,13500,12000,25500,13600,12100,25700,13800,12200,26000,13900,12300,26200,14100,12300,26400
, Malangala Sub County ,12100,12400,24500,12300,12600,24900,12600,12800,25400,12800,13000,25800,13100,13100,26200,13300,13300,26600,13500,13500,27000,13700,13700,27400,13900,13900,27800,14200,14000,28200,14400,14200,28600,14500,14300,28800,14700,14500,29200,14900,14600,29500,15000,14700,29700,15200,14800,30000
, Namungo Sub County ,9000,8400,17400,9200,8500,17700,9300,8700,18000,9500,8800,18300,9700,8900,18600,9900,9100,19000,10000,9200,19200,10200,9300,19500,10400,9400,19800,10500,9500,20000,10700,9600,20300,10800,9700,20500,10900,9800,20700,11000,9900,20900,11200,10000,21200,11300,10000,21300
, Ssekanyonyi Sub County ,16000,14800,30800,16300,15100,31400,16800,15400,32200,17200,15600,32800,17300,15900,33200,17700,16100,33800,18000,16100,34100,18400,16600,35000,18600,16600,35200,18700,17000,35700,19100,17100,36200,19200,17400,36600,19800,17300,37100,19600,17600,37200,20100,17600,37700,19900,17800,37700
,,,,,,,,,,,,,,,,,,,,,,,,,,,,,,,,,,,,,,,,,,,,,,,,,
,,,,,,,,,,,,,,,,,,,,,,,,,,,,,,,,,,,,,,,,,,,,,,,,,
 Buikwe ,,210700,218600,429300,215200,223100,438300,219800,227500,447300,224300,232000,456300,228800,236400,465200,233300,240800,474100,237700,245200,482900,242000,249400,491400,246200,253600,499800,250300,257700,508000,254300,261600,515900,258100,265400,523500,261700,269000,530700,265100,272400,537500,268200,275600,543800,270900,278100,549000
,,,,,,,,,,,,,,,,,,,,,,,,,,,,,,,,,,,,,,,,,,,,,,,,,
, Lugazi Municipality , -   , -   , -   , -   , -   , -   , -   , -   , -   , -   , -   , -   , -   , -   , -   , -   , -   , -   , -   , -   , -   , -   , -   , -   , -   , -   , -   , -   , -   , -   , -   , -   , -   , -   , -   , -   , -   , -   , -   , -   , -   , -   , -   , -   , -   , -   , -   , -   
, Central Division ,19800,21100,40900,20200,21500,41700,20600,22000,42600,21000,22400,43400,21500,22800,44300,21900,23200,45100,22300,23700,46000,22700,24100,46800,23100,24500,47600,23500,24900,48400,23800,25300,49100,24200,25600,49800,24500,26000,50500,24900,26300,51200,25100,26600,51700,25400,26800,52200
, Kawolo Division ,20800,20800,41600,21300,21200,42500,21700,21600,43300,22200,22000,44200,22600,22500,45100,23100,22900,46000,23500,23300,46800,23900,23700,47600,24400,24100,48500,24800,24500,49300,25200,24800,50000,25500,25200,50700,25900,25500,51400,26200,25900,52100,26500,26200,52700,26800,26400,53200
, Najjembe Division ,17000,16800,33800,17400,17200,34600,17800,17500,35300,18100,17800,35900,18500,18200,36700,18800,18500,37300,19200,18900,38100,19500,19200,38700,19900,19500,39400,20200,19800,40000,20500,20100,40600,20800,20400,41200,21100,20700,41800,21400,21000,42400,21700,21200,42900,21900,21400,43300
, Buikwe ,9000,9300,18300,9200,9500,18700,9400,9700,19100,9600,9900,19500,9800,10100,19900,10000,10300,20300,10200,10500,20700,10400,10600,21000,10600,10800,21400,10700,11000,21700,10900,11200,22100,11100,11300,22400,11200,11500,22700,11400,11600,23000,11500,11800,23300,11600,11900,23500
, Buikwe Town Council ,8000,8800,16800,8200,9000,17200,8300,9200,17500,8500,9400,17900,8700,9500,18200,8800,9700,18500,9000,9900,18900,9200,10100,19300,9300,10200,19500,9500,10400,19900,9600,10500,20100,9800,10700,20500,9900,10800,20700,10000,11000,21000,10200,11100,21300,10300,11200,21500
, Najja ,21800,22800,44600,22300,23300,45600,22800,23800,46600,23200,24200,47400,23700,24700,48400,24200,25200,49400,24600,25600,50200,25100,26100,51200,25500,26500,52000,25900,26900,52800,26300,27300,53600,26700,27700,54400,27100,28100,55200,27500,28500,56000,27800,28800,56600,28100,29100,57200
, Ngogwe ,18100,18000,36100,18500,18300,36800,18900,18700,37600,19300,19100,38400,19700,19400,39100,20100,19800,39900,20400,20100,40500,20800,20500,41300,21200,20800,42000,21500,21200,42700,21900,21500,43400,22200,21800,44000,22500,22100,44600,22800,22400,45200,23100,22600,45700,23300,22800,46100
, Njeru Municipality , -   , -   , -   , -   , -   , -   , -   , -   , -   , -   , -   , -   , -   , -   , -   , -   , -   , -   , -   , -   , -   , -   , -   , -   , -   , -   , -   , -   , -   , -   , -   , -   , -   , -   , -   , -   , -   , -   , -   , -   , -   , -   , -   , -   , -   , -   , -   , -   
, Njeru Division ,33000,36800,69800,33700,37500,71200,34600,38100,72700,35300,39000,74300,35900,39800,75700,36600,40400,77000,37400,41100,78500,38100,41800,79900,38600,42700,81300,39300,43300,82600,40000,44000,84000,40600,44800,85400,41200,45300,86500,41600,45700,87300,42100,46300,88400,42400,46800,89200
, Nyenga Division ,24800,25600,50400,25300,26200,51500,25800,26700,52500,26400,27200,53600,26900,27700,54600,27400,28200,55600,27900,28800,56700,28400,29200,57600,28900,29700,58600,29400,30200,59600,29900,30700,60600,30300,31100,61400,30700,31500,62200,31100,31900,63000,31500,32300,63800,31800,32600,64400
, Wakisi Division ,20700,21100,41800,21100,21500,42600,21500,22000,43500,22000,22400,44400,22400,22800,45200,22900,23300,46200,23300,23700,47000,23700,24100,47800,24100,24500,48600,24500,24900,49400,24900,25300,50200,25300,25600,50900,25700,26000,51700,26000,26300,52300,26300,26600,52900,26600,26900,53500
, Nkokonjeru Town Council ,4300,4900,9200,4400,5000,9400,4500,5100,9600,4500,5200,9700,4600,5300,9900,4700,5400,10100,4800,5500,10300,4900,5600,10500,5000,5700,10700,5100,5800,10900,5200,5800,11000,5200,5900,11100,5300,6000,11300,5400,6100,11500,5400,6200,11600,5500,6200,11700
, Ssi-Bukunja ,13400,12600,26000,13600,12900,26500,13900,13100,27000,14200,13400,27600,14500,13600,28100,14800,13900,28700,15100,14100,29200,15300,14400,29700,15600,14600,30200,15900,14800,30700,16100,15100,31200,16400,15300,31700,16600,15500,32100,16800,15700,32500,17000,15900,32900,17200,16000,33200
